Workbook

Sheet Participant_Data
A1: record_id | B1: assessment_id | C1: assessment_date | D1: Role | E1: age | F1: age_group01 | G1: sex | H1: Education | I1: Marital_status | J1: Income | K1: Income_oldage | L1: Income_Pension | M1: Income_spouse | N1: Income_children | O1: Income_work | P1: DM | Q1: HT | R1: DLP | S1: CKD | T1: CA | U1: Other | V1: Other_text | W1: Living_with | X1: scr_bw | Y1: scr_app | Z1: scr_act | AA1: scr_dx | AB1: ass_meal | AC1: ass_intake | AD1: ass_type | AE1: ass_rice_starch | AF1: ass_meat_egg | AG1: ass_milk | AH1: ass_fruit | AI1: ass_veget | AJ1: ass_water | AK1: ass_sweetdrink | AL1: ass_cook | AM1: ass_oil | AN1: D1_total | AO1: D2_total | AP1: D3_total | AQ1: wc_input | AR1: wc_unit | AS1: wc_cm
A2: 1 | D2: 1 | E2: 63 | F2: =IF(E2="","",IF(E2<70,0,1)) -> 0 | G2: 1 | H2: 3 | I2: 2 | J2: 3 | K2: 0 | L2: 1 | M2: 0 | N2: 0 | O2: 0 | P2: 0 | Q2: 1 | R2: 1 | S2: 0 | T2: 0 | U2: 1 | V2: Gout | W2: 2 | X2: 2 | Y2: 2 | Z2: 2 | AA2: 4 | AB2: 2 | AC2: 2 | AD2: 2 | AE2: 2 | AF2: 0 | AG2: 2 | AH2: 0 | AI2: 2 | AJ2: 2 | AK2: 2 | AL2: 2 | AM2: 0 | AN2: =IF(COUNTA(AB2:AD2)=0,"",SUM(AB2:AD2)) -> 6 | AO2: 8 | AP2: 4 | AQ2: 97 | AR2: cm | AS2: =IF(AQ2="","",IF(AR2="cm",AQ2,IF(AR2="inch",AQ2*2.54,""))) -> 97
A3: 2 | D3: 1 | E3: 69 | F3: =IF(E3="","",IF(E3<70,0,1)) -> 0 | G3: 2 | H3: 1 | I3: 2 | J3: 1 | K3: 1 | L3: 0 | M3: 0 | N3: 0 | O3: 0 | P3: 0 | Q3: 0 | R3: 0 | S3: 0 | T3: 0 | U3: 1 | V3: ภูมิแพ้ หืดหอบ | W3: 2 | X3: 2 | Y3: 2 | Z3: 0 | AA3: 2 | AB3: 2 | AC3: 2 | AD3: 2 | AE3: 0 | AF3: 2 | AG3: 2 | AH3: 4 | AI3: 2 | AJ3: 2 | AK3: 2 | AL3: 2 | AM3: 0 | AN3: =IF(COUNTA(AB3:AD3)=0,"",SUM(AB3:AD3)) -> 6 | AO3: 12 | AP3: 4 | AQ3: 72 | AR3: cm | AS3: =IF(AQ3="","",IF(AR3="cm",AQ3,IF(AR3="inch",AQ3*2.54,""))) -> 72
A4: 3 | D4: 1 | E4: 66 | F4: =IF(E4="","",IF(E4<70,0,1)) -> 0 | G4: 2 | H4: 2 | I4: 2 | J4: 1 | K4: 1 | L4: 0 | M4: 0 | N4: 0 | O4: 0 | P4: 0 | Q4: 0 | R4: 0 | S4: 0 | T4: 0 | U4: 1 | V4: ภูมิแพ้ | W4: 2 | X4: 2 | Y4: 2 | Z4: 2 | AA4: 2 | AB4: 2 | AC4: 0 | AD4: 2 | AE4: 0 | AF4: 0 | AG4: 2 | AH4: 0 | AI4: 2 | AJ4: 0 | AK4: 2 | AL4: 2 | AM4: 2 | AN4: =IF(COUNTA(AB4:AD4)=0,"",SUM(AB4:AD4)) -> 4 | AO4: 4 | AP4: 6 | AQ4: 68 | AR4: cm | AS4: =IF(AQ4="","",IF(AR4="cm",AQ4,IF(AR4="inch",AQ4*2.54,""))) -> 68
A5: 4 | D5: 1 | E5: 68 | F5: =IF(E5="","",IF(E5<70,0,1)) -> 0 | G5: 2 | H5: 2 | I5: 1 | J5: 1 | K5: 1 | L5: 0 | M5: 0 | N5: 0 | O5: 0 | P5: 0 | Q5: 0 | R5: 1 | S5: 0 | T5: 0 | U5: 0 | V5: ไม่มีโรค | W5: 4 | X5: 2 | Y5: 2 | Z5: 2 | AA5: 4 | AB5: 2 | AC5: 2 | AD5: 2 | AE5: 0 | AF5: 0 | AG5: 2 | AH5: 0 | AI5: 0 | AJ5: 2 | AK5: 4 | AL5: 2 | AM5: 0 | AN5: =IF(COUNTA(AB5:AD5)=0,"",SUM(AB5:AD5)) -> 6 | AO5: 4 | AP5: 6 | AQ5: 59 | AR5: cm | AS5: =IF(AQ5="","",IF(AR5="cm",AQ5,IF(AR5="inch",AQ5*2.54,""))) -> 59
A6: 5 | D6: 1 | E6: 65 | F6: =IF(E6="","",IF(E6<70,0,1)) -> 0 | G6: 2 | H6: 3 | I6: 1 | J6: 1 | K6: 0 | L6: 1 | M6: 0 | N6: 0 | O6: 0 | P6: 0 | Q6: 1 | R6: 1 | S6: 0 | T6: 0 | U6: 0 | W6: 4 | X6: 2 | Y6: 2 | Z6: 2 | AA6: 4 | AB6: 2 | AC6: 2 | AD6: 2 | AE6: 0 | AF6: 0 | AG6: 2 | AH6: 2 | AI6: 2 | AJ6: 2 | AK6: 2 | AL6: 2 | AM6: 0 | AN6: =IF(COUNTA(AB6:AD6)=0,"",SUM(AB6:AD6)) -> 6 | AO6: 8 | AP6: 4 | AQ6: 88 | AR6: cm | AS6: =IF(AQ6="","",IF(AR6="cm",AQ6,IF(AR6="inch",AQ6*2.54,""))) -> 88
A7: 6 | D7: 1 | E7: 63 | F7: =IF(E7="","",IF(E7<70,0,1)) -> 0 | G7: 2 | H7: 2 | I7: 3 | J7: 1 | K7: 1 | L7: 0 | M7: 0 | N7: 0 | O7: 0 | P7: 0 | Q7: 0 | R7: 1 | S7: 0 | T7: 0 | U7: 0 | W7: 4 | X7: 4 | Y7: 2 | Z7: 2 | AA7: 4 | AB7: 2 | AC7: 2 | AD7: 2 | AE7: 0 | AF7: 0 | AG7: 2 | AH7: 0 | AI7: 0 | AJ7: 0 | AK7: 2 | AL7: 2 | AM7: 0 | AN7: =IF(COUNTA(AB7:AD7)=0,"",SUM(AB7:AD7)) -> 6 | AO7: 2 | AP7: 4 | AQ7: 77 | AR7: cm | AS7: =IF(AQ7="","",IF(AR7="cm",AQ7,IF(AR7="inch",AQ7*2.54,""))) -> 77
A8: 7 | D8: 1 | E8: 60 | F8: =IF(E8="","",IF(E8<70,0,1)) -> 0 | G8: 2 | H8: 2 | I8: 2 | J8: 1 | K8: 1 | L8: 0 | M8: 1 | N8: 0 | O8: 0 | P8: 1 | Q8: 1 | R8: 1 | S8: 0 | T8: 0 | U8: 0 | W8: 2 | X8: 4 | Y8: 2 | Z8: 2 | AA8: 4 | AB8: 2 | AC8: 0 | AD8: 2 | AE8: 0 | AF8: 2 | AG8: 2 | AH8: 0 | AI8: 0 | AJ8: 2 | AK8: 2 | AL8: 2 | AM8: 0 | AN8: =IF(COUNTA(AB8:AD8)=0,"",SUM(AB8:AD8)) -> 4 | AO8: 6 | AP8: 4 | AQ8: 94.5 | AR8: cm | AS8: =IF(AQ8="","",IF(AR8="cm",AQ8,IF(AR8="inch",AQ8*2.54,""))) -> 94.5
A9: 8 | D9: 1 | E9: 68 | F9: =IF(E9="","",IF(E9<70,0,1)) -> 0 | G9: 2 | H9: 2 | I9: 3 | J9: 1 | K9: 1 | L9: 0 | M9: 0 | N9: 0 | O9: 0 | P9: 0 | Q9: 1 | R9: 0 | S9: 0 | T9: 0 | U9: 0 | W9: 4 | X9: 2 | Y9: 2 | Z9: 0 | AA9: 4 | AB9: 2 | AC9: 0 | AD9: 2 | AE9: 0 | AF9: 0 | AG9: 2 | AH9: 0 | AI9: 0 | AJ9: 2 | AK9: 4 | AL9: 2 | AM9: 0 | AN9: =IF(COUNTA(AB9:AD9)=0,"",SUM(AB9:AD9)) -> 4 | AO9: 4 | AP9: 6 | AQ9: 95.5 | AR9: cm | AS9: =IF(AQ9="","",IF(AR9="cm",AQ9,IF(AR9="inch",AQ9*2.54,""))) -> 95.5
A10: 9 | D10: 1 | E10: 67 | F10: =IF(E10="","",IF(E10<70,0,1)) -> 0 | G10: 2 | H10: 2 | I10: 3 | J10: 1 | K10: 1 | L10: 0 | M10: 0 | N10: 0 | O10: 0 | P10: 0 | Q10: 0 | R10: 0 | S10: 0 | T10: 0 | U10: 0 | V10: ไม่มีโรค | W10: 4 | X10: 2 | Y10: 2 | Z10: 2 | AA10: 2 | AB10: 2 | AC10: 0 | AD10: 2 | AE10: 0 | AF10: 2 | AG10: 2 | AH10: 0 | AI10: 2 | AJ10: 2 | AK10: 2 | AL10: 2 | AM10: 0 | AN10: =IF(COUNTA(AB10:AD10)=0,"",SUM(AB10:AD10)) -> 4 | AO10: 8 | AP10: 4 | AQ10: 80 | AR10: cm | AS10: =IF(AQ10="","",IF(AR10="cm",AQ10,IF(AR10="inch",AQ10*2.54,""))) -> 80
A11: 10 | D11: 1 | E11: 61 | F11: =IF(E11="","",IF(E11<70,0,1)) -> 0 | G11: 2 | H11: 1 | I11: 3 | J11: 1 | K11: 1 | L11: 0 | M11: 0 | N11: 0 | O11: 0 | P11: 0 | Q11: 0 | R11: 0 | S11: 0 | T11: 0 | U11: 0 | V11: ไม่มีโรค | W11: 4 | X11: 4 | Y11: 2 | Z11: 2 | AA11: 2 | AB11: 2 | AC11: 0 | AD11: 2 | AE11: 0 | AF11: 0 | AG11: 0 | AH11: 2 | AI11: 0 | AJ11: 2 | AK11: 2 | AL11: 2 | AM11: 0 | AN11: =IF(COUNTA(AB11:AD11)=0,"",SUM(AB11:AD11)) -> 4 | AO11: 4 | AP11: 4 | AQ11: 79.5 | AR11: cm | AS11: =IF(AQ11="","",IF(AR11="cm",AQ11,IF(AR11="inch",AQ11*2.54,""))) -> 79.5
A12: 11 | D12: 1 | E12: 69 | F12: =IF(E12="","",IF(E12<70,0,1)) -> 0 | G12: 2 | H12: 2 | I12: 1 | J12: 1 | K12: 1 | L12: 0 | M12: 0 | N12: 1 | O12: 0 | P12: 0 | Q12: 0 | R12: 1 | S12: 0 | T12: 0 | U12: 0 | W12: 1 | X12: 2 | Y12: 0 | Z12: 2 | AA12: 4 | AB12: 2 | AC12: 0 | AD12: 2 | AE12: 0 | AF12: 0 | AG12: 2 | AH12: 2 | AI12: 2 | AJ12: 2 | AK12: 2 | AL12: 2 | AM12: 0 | AN12: =IF(COUNTA(AB12:AD12)=0,"",SUM(AB12:AD12)) -> 4 | AO12: 8 | AP12: 4 | AQ12: 84 | AR12: cm | AS12: =IF(AQ12="","",IF(AR12="cm",AQ12,IF(AR12="inch",AQ12*2.54,""))) -> 84
A13: 12 | D13: 1 | E13: 68 | F13: =IF(E13="","",IF(E13<70,0,1)) -> 0 | G13: 2 | H13: 2 | I13: 2 | J13: 1 | K13: 1 | L13: 0 | M13: 0 | N13: 1 | O13: 1 | P13: 0 | Q13: 1 | R13: 1 | S13: 0 | T13: 0 | U13: 0 | W13: 2 | X13: 4 | Y13: 4 | Z13: 2 | AA13: 4 | AB13: 2 | AC13: 2 | AD13: 2 | AE13: 0 | AF13: 2 | AG13: 2 | AH13: 2 | AI13: 2 | AJ13: 2 | AK13: 2 | AL13: 2 | AM13: 0 | AN13: =IF(COUNTA(AB13:AD13)=0,"",SUM(AB13:AD13)) -> 6 | AO13: 10 | AP13: 4 | AQ13: 83 | AR13: cm | AS13: =IF(AQ13="","",IF(AR13="cm",AQ13,IF(AR13="inch",AQ13*2.54,""))) -> 83
A14: 13 | D14: 1 | E14: 68 | F14: =IF(E14="","",IF(E14<70,0,1)) -> 0 | G14: 2 | H14: 3 | I14: 1 | J14: 1 | K14: 1 | L14: 0 | M14: 0 | N14: 0 | O14: 0 | P14: 0 | Q14: 0 | R14: 0 | S14: 0 | T14: 0 | U14: 0 | W14: 4 | X14: 2 | Y14: 2 | Z14: 2 | AA14: 2 | AB14: 2 | AC14: 2 | AD14: 2 | AE14: 0 | AF14: 0 | AG14: 0 | AH14: 0 | AI14: 0 | AJ14: 2 | AK14: 2 | AL14: 2 | AM14: 0 | AN14: =IF(COUNTA(AB14:AD14)=0,"",SUM(AB14:AD14)) -> 6 | AO14: 2 | AP14: 4 | AQ14: 64 | AR14: cm | AS14: =IF(AQ14="","",IF(AR14="cm",AQ14,IF(AR14="inch",AQ14*2.54,""))) -> 64
A15: 14 | D15: 1 | E15: 66 | F15: =IF(E15="","",IF(E15<70,0,1)) -> 0 | G15: 2 | H15: 3 | I15: 1 | J15: 1 | K15: 1 | L15: 0 | M15: 0 | N15: 0 | O15: 0 | P15: 0 | Q15: 1 | R15: 1 | S15: 0 | T15: 0 | U15: 0 | W15: 1 | X15: 2 | Y15: 0 | Z15: 0 | AA15: 4 | AB15: 2 | AC15: 2 | AD15: 2 | AE15: 0 | AF15: 0 | AG15: 0 | AH15: 0 | AI15: 0 | AJ15: 0 | AK15: 2 | AL15: 2 | AM15: 0 | AN15: =IF(COUNTA(AB15:AD15)=0,"",SUM(AB15:AD15)) -> 6 | AO15: 0 | AP15: 4 | AQ15: 59 | AR15: cm | AS15: =IF(AQ15="","",IF(AR15="cm",AQ15,IF(AR15="inch",AQ15*2.54,""))) -> 59
A16: 15 | D16: 1 | E16: 66 | F16: =IF(E16="","",IF(E16<70,0,1)) -> 0 | G16: 2 | H16: 3 | I16: 1 | J16: 1 | K16: 1 | L16: 0 | M16: 0 | N16: 0 | O16: 0 | P16: 0 | Q16: 0 | R16: 0 | S16: 0 | T16: 0 | U16: 1 | V16: โรคกระเพาะอาหาร กระดูกพรุน | W16: 4 | X16: 2 | Y16: 2 | Z16: 2 | AA16: 4 | AB16: 2 | AC16: 2 | AD16: 2 | AE16: 2 | AF16: 4 | AG16: 0 | AH16: 0 | AI16: 0 | AJ16: 2 | AK16: 2 | AL16: 2 | AM16: 0 | AN16: =IF(COUNTA(AB16:AD16)=0,"",SUM(AB16:AD16)) -> 6 | AO16: 8 | AP16: 4 | AQ16: 68.5 | AR16: cm | AS16: =IF(AQ16="","",IF(AR16="cm",AQ16,IF(AR16="inch",AQ16*2.54,""))) -> 68.5
A17: 16 | D17: 1 | E17: 61 | F17: =IF(E17="","",IF(E17<70,0,1)) -> 0 | G17: 2 | H17: 3 | I17: 2 | J17: 2 | K17: 0 | L17: 0 | M17: 0 | N17: 1 | O17: 0 | P17: 0 | Q17: 0 | R17: 1 | S17: 0 | T17: 0 | U17: 0 | W17: 4 | X17: 4 | Y17: 4 | Z17: 2 | AA17: 4 | AB17: 2 | AC17: 2 | AD17: 2 | AE17: 0 | AF17: 4 | AG17: 0 | AH17: 4 | AI17: 2 | AJ17: 2 | AK17: 2 | AL17: 4 | AM17: 2 | AN17: =IF(COUNTA(AB17:AD17)=0,"",SUM(AB17:AD17)) -> 6 | AO17: 12 | AP17: 8 | AQ17: 85.5 | AR17: cm | AS17: =IF(AQ17="","",IF(AR17="cm",AQ17,IF(AR17="inch",AQ17*2.54,""))) -> 85.5
A18: 17 | D18: 1 | E18: 63 | F18: =IF(E18="","",IF(E18<70,0,1)) -> 0 | G18: 2 | H18: 2 | I18: 3 | J18: 2 | K18: 1 | L18: 0 | M18: 0 | N18: 0 | O18: 1 | P18: 1 | Q18: 1 | R18: 1 | S18: 0 | T18: 0 | U18: 0 | W18: 4 | X18: 4 | Y18: 4 | Z18: 2 | AA18: 4 | AB18: 2 | AC18: 0 | AD18: 2 | AE18: 0 | AF18: 0 | AG18: 0 | AH18: 4 | AI18: 2 | AJ18: 2 | AK18: 2 | AL18: 2 | AM18: 0 | AN18: =IF(COUNTA(AB18:AD18)=0,"",SUM(AB18:AD18)) -> 4 | AO18: 8 | AP18: 4 | AQ18: 96 | AR18: cm | AS18: =IF(AQ18="","",IF(AR18="cm",AQ18,IF(AR18="inch",AQ18*2.54,""))) -> 96
A19: 18 | D19: 1 | E19: 63 | F19: =IF(E19="","",IF(E19<70,0,1)) -> 0 | G19: 2 | H19: 2 | I19: 3 | J19: 1 | K19: 1 | L19: 0 | M19: 0 | N19: 1 | O19: 0 | P19: 1 | Q19: 1 | R19: 1 | S19: 0 | T19: 0 | U19: 0 | W19: 4 | X19: 2 | Y19: 0 | Z19: 2 | AA19: 4 | AB19: 2 | AC19: 0 | AD19: 2 | AE19: 0 | AF19: 0 | AG19: 2 | AH19: 0 | AI19: 0 | AJ19: 2 | AK19: 2 | AL19: 2 | AM19: 0 | AN19: =IF(COUNTA(AB19:AD19)=0,"",SUM(AB19:AD19)) -> 4 | AO19: 4 | AP19: 4 | AQ19: 95 | AR19: cm | AS19: =IF(AQ19="","",IF(AR19="cm",AQ19,IF(AR19="inch",AQ19*2.54,""))) -> 95
A20: 19 | D20: 1 | E20: 67 | F20: =IF(E20="","",IF(E20<70,0,1)) -> 0 | G20: 2 | H20: 3 | I20: 1 | J20: 1 | K20: 1 | L20: 0 | M20: 0 | N20: 0 | O20: 1 | P20: 0 | Q20: 1 | R20: 1 | S20: 0 | T20: 0 | U20: 0 | W20: 3 | X20: 4 | Y20: 2 | Z20: 2 | AA20: 4 | AB20: 2 | AC20: 2 | AD20: 2 | AE20: 0 | AF20: 0 | AG20: 0 | AH20: 2 | AI20: 0 | AJ20: 0 | AK20: 4 | AL20: 4 | AM20: 0 | AN20: =IF(COUNTA(AB20:AD20)=0,"",SUM(AB20:AD20)) -> 6 | AO20: 2 | AP20: 8 | AQ20: 93 | AR20: cm | AS20: =IF(AQ20="","",IF(AR20="cm",AQ20,IF(AR20="inch",AQ20*2.54,""))) -> 93
A21: 20 | D21: 1 | E21: 66 | F21: =IF(E21="","",IF(E21<70,0,1)) -> 0 | G21: 2 | H21: 3 | I21: 2 | J21: 2 | K21: 0 | L21: 1 | M21: 0 | N21: 0 | O21: 0 | P21: 0 | Q21: 0 | R21: 0 | S21: 0 | T21: 0 | U21: 1 | V21: แพ้ฝุ่นละออง,สารเคมี | W21: 2 | X21: 2 | Y21: 2 | Z21: 2 | AA21: 2 | AB21: 2 | AC21: 2 | AD21: 2 | AE21: 0 | AF21: 0 | AG21: 2 | AH21: 0 | AI21: 0 | AJ21: 0 | AK21: 4 | AL21: 2 | AM21: 0 | AN21: =IF(COUNTA(AB21:AD21)=0,"",SUM(AB21:AD21)) -> 6 | AO21: 2 | AP21: 6 | AQ21: 81.5 | AR21: cm | AS21: =IF(AQ21="","",IF(AR21="cm",AQ21,IF(AR21="inch",AQ21*2.54,""))) -> 81.5
A22: 21 | D22: 1 | E22: 64 | F22: =IF(E22="","",IF(E22<70,0,1)) -> 0 | G22: 2 | H22: 1 | I22: 3 | J22: 1 | K22: 1 | L22: 0 | M22: 0 | N22: 0 | O22: 1 | P22: 0 | Q22: 0 | R22: 0 | S22: 0 | T22: 0 | U22: 1 | V22: ตับแข็ง ถุงลมโป่งพอง | W22: 4 | X22: 4 | Y22: 2 | Z22: 2 | AA22: 4 | AB22: 2 | AC22: 2 | AD22: 2 | AE22: 0 | AF22: 0 | AG22: 0 | AH22: 0 | AI22: 2 | AJ22: 2 | AK22: 2 | AL22: 2 | AM22: 0 | AN22: =IF(COUNTA(AB22:AD22)=0,"",SUM(AB22:AD22)) -> 6 | AO22: 4 | AP22: 4 | AQ22: 96 | AR22: cm | AS22: =IF(AQ22="","",IF(AR22="cm",AQ22,IF(AR22="inch",AQ22*2.54,""))) -> 96
A23: 22 | D23: 1 | E23: 69 | F23: =IF(E23="","",IF(E23<70,0,1)) -> 0 | G23: 2 | H23: 1 | I23: 3 | J23: 1 | K23: 1 | L23: 0 | M23: 0 | N23: 0 | O23: 0 | P23: 1 | Q23: 0 | R23: 1 | S23: 0 | T23: 0 | U23: 0 | V23: โลหิตจาง | W23: 1 | X23: 2 | Y23: 0 | Z23: 2 | AA23: 4 | AB23: 2 | AC23: 2 | AD23: 2 | AE23: 0 | AF23: 0 | AG23: 2 | AH23: 2 | AI23: 2 | AJ23: 2 | AK23: 2 | AL23: 2 | AM23: 0 | AN23: =IF(COUNTA(AB23:AD23)=0,"",SUM(AB23:AD23)) -> 6 | AO23: 8 | AP23: 4 | AQ23: 81.5 | AR23: cm | AS23: =IF(AQ23="","",IF(AR23="cm",AQ23,IF(AR23="inch",AQ23*2.54,""))) -> 81.5
A24: 23 | D24: 1 | E24: 63 | F24: =IF(E24="","",IF(E24<70,0,1)) -> 0 | G24: 1 | H24: 2 | I24: 2 | J24: 2 | K24: 1 | L24: 0 | M24: 0 | N24: 0 | O24: 1 | P24: 0 | Q24: 0 | R24: 0 | S24: 0 | T24: 0 | U24: 1 | V24: นิ่วในกรวยไต | W24: 4 | X24: 2 | Y24: 2 | Z24: 2 | AA24: 2 | AB24: 2 | AC24: 2 | AD24: 0 | AE24: 0 | AF24: 2 | AG24: 2 | AH24: 0 | AI24: 2 | AJ24: 0 | AK24: 2 | AL24: 2 | AM24: 0 | AN24: =IF(COUNTA(AB24:AD24)=0,"",SUM(AB24:AD24)) -> 4 | AO24: 6 | AP24: 4 | AQ24: 77.5 | AR24: cm | AS24: =IF(AQ24="","",IF(AR24="cm",AQ24,IF(AR24="inch",AQ24*2.54,""))) -> 77.5
A25: 24 | D25: 1 | E25: 65 | F25: =IF(E25="","",IF(E25<70,0,1)) -> 0 | G25: 2 | H25: 3 | I25: 2 | J25: 1 | K25: 1 | L25: 0 | M25: 0 | N25: 0 | O25: 1 | P25: 0 | Q25: 1 | R25: 1 | S25: 0 | T25: 0 | U25: 0 | W25: 4 | X25: 2 | Y25: 2 | Z25: 2 | AA25: 4 | AB25: 2 | AC25: 2 | AD25: 2 | AE25: 0 | AF25: 0 | AG25: 0 | AH25: 0 | AI25: 2 | AJ25: 2 | AK25: 2 | AL25: 2 | AM25: 0 | AN25: =IF(COUNTA(AB25:AD25)=0,"",SUM(AB25:AD25)) -> 6 | AO25: 4 | AP25: 4 | AQ25: 88 | AR25: cm | AS25: =IF(AQ25="","",IF(AR25="cm",AQ25,IF(AR25="inch",AQ25*2.54,""))) -> 88
A26: 25 | D26: 1 | E26: 63 | F26: =IF(E26="","",IF(E26<70,0,1)) -> 0 | G26: 2 | H26: 2 | I26: 2 | J26: 1 | K26: 1 | L26: 0 | M26: 0 | N26: 0 | O26: 0 | P26: 0 | Q26: 0 | R26: 1 | S26: 0 | T26: 0 | U26: 0 | W26: 4 | X26: 0 | Y26: 0 | Z26: 2 | AA26: 4 | AB26: 2 | AC26: 0 | AD26: 2 | AE26: 0 | AF26: 0 | AG26: 4 | AH26: 2 | AI26: 2 | AJ26: 2 | AK26: 2 | AL26: 4 | AM26: 0 | AN26: =IF(COUNTA(AB26:AD26)=0,"",SUM(AB26:AD26)) -> 4 | AO26: 10 | AP26: 6 | AQ26: 98 | AR26: cm | AS26: =IF(AQ26="","",IF(AR26="cm",AQ26,IF(AR26="inch",AQ26*2.54,""))) -> 98
A27: 26 | D27: 1 | E27: 69 | F27: =IF(E27="","",IF(E27<70,0,1)) -> 0 | G27: 2 | H27: 1 | I27: 2 | J27: 1 | K27: 1 | L27: 0 | M27: 0 | N27: 0 | O27: 0 | P27: 0 | Q27: 1 | R27: 1 | S27: 0 | T27: 0 | U27: 0 | W27: 4 | X27: 2 | Y27: 2 | Z27: 2 | AA27: 4 | AB27: 2 | AC27: 0 | AD27: 2 | AE27: 0 | AF27: 0 | AG27: 0 | AH27: 0 | AI27: 2 | AJ27: 0 | AK27: 2 | AL27: 2 | AM27: 0 | AN27: =IF(COUNTA(AB27:AD27)=0,"",SUM(AB27:AD27)) -> 4 | AO27: 2 | AP27: 4 | AQ27: 76 | AR27: cm | AS27: =IF(AQ27="","",IF(AR27="cm",AQ27,IF(AR27="inch",AQ27*2.54,""))) -> 76
A28: 27 | D28: 1 | E28: 68 | F28: =IF(E28="","",IF(E28<70,0,1)) -> 0 | G28: 2 | H28: 1 | I28: 2 | J28: 1 | K28: 1 | L28: 0 | M28: 0 | N28: 0 | O28: 0 | P28: 0 | Q28: 0 | R28: 0 | S28: 0 | T28: 0 | U28: 1 | V28: ไมเกรน | W28: 4 | X28: 2 | Y28: 2 | Z28: 2 | AA28: 4 | AB28: 2 | AC28: 2 | AD28: 2 | AE28: 0 | AF28: 0 | AG28: 2 | AH28: 0 | AI28: 2 | AJ28: 0 | AK28: 2 | AL28: 2 | AM28: 0 | AN28: =IF(COUNTA(AB28:AD28)=0,"",SUM(AB28:AD28)) -> 6 | AO28: 4 | AP28: 4 | AQ28: 99.5 | AR28: cm | AS28: =IF(AQ28="","",IF(AR28="cm",AQ28,IF(AR28="inch",AQ28*2.54,""))) -> 99.5
A29: 28 | D29: 1 | E29: 66 | F29: =IF(E29="","",IF(E29<70,0,1)) -> 0 | G29: 2 | H29: 2 | I29: 2 | J29: 1 | K29: 1 | L29: 0 | M29: 0 | N29: 0 | O29: 0 | P29: 0 | Q29: 1 | R29: 1 | S29: 0 | T29: 0 | U29: 0 | W29: 4 | X29: 4 | Y29: 2 | Z29: 0 | AA29: 4 | AB29: 2 | AC29: 0 | AD29: 2 | AE29: 2 | AF29: 4 | AG29: 2 | AH29: 0 | AI29: 2 | AJ29: 0 | AK29: 4 | AL29: 4 | AM29: 0 | AN29: =IF(COUNTA(AB29:AD29)=0,"",SUM(AB29:AD29)) -> 4 | AO29: 10 | AP29: 8 | AQ29: 95 | AR29: cm | AS29: =IF(AQ29="","",IF(AR29="cm",AQ29,IF(AR29="inch",AQ29*2.54,""))) -> 95
A30: 29 | D30: 1 | E30: 66 | F30: =IF(E30="","",IF(E30<70,0,1)) -> 0 | G30: 1 | H30: 2 | I30: 2 | J30: 1 | K30: 1 | L30: 0 | M30: 0 | N30: 0 | O30: 0 | P30: 0 | Q30: 0 | R30: 0 | S30: 0 | T30: 0 | U30: 1 | V30: ต่อมลูกหมากโต | W30: 2 | X30: 4 | Y30: 2 | Z30: 2 | AA30: 2 | AB30: 2 | AC30: 2 | AD30: 2 | AE30: 4 | AF30: 2 | AG30: 0 | AH30: 0 | AI30: 0 | AJ30: 2 | AK30: 2 | AL30: 2 | AM30: 4 | AN30: =IF(COUNTA(AB30:AD30)=0,"",SUM(AB30:AD30)) -> 6 | AO30: 8 | AP30: 8 | AQ30: 108 | AR30: cm | AS30: =IF(AQ30="","",IF(AR30="cm",AQ30,IF(AR30="inch",AQ30*2.54,""))) -> 108
A31: 30 | D31: 1 | E31: 67 | F31: =IF(E31="","",IF(E31<70,0,1)) -> 0 | G31: 2 | H31: 1 | I31: 3 | J31: 1 | K31: 1 | L31: 0 | M31: 0 | N31: 1 | O31: 0 | P31: 0 | Q31: 1 | R31: 1 | S31: 0 | T31: 0 | U31: 0 | W31: 4 | X31: 2 | Y31: 2 | Z31: 2 | AA31: 4 | AB31: 2 | AC31: 2 | AD31: 2 | AE31: 0 | AF31: 2 | AG31: 2 | AH31: 0 | AI31: 2 | AJ31: 2 | AK31: 2 | AL31: 2 | AM31: 0 | AN31: =IF(COUNTA(AB31:AD31)=0,"",SUM(AB31:AD31)) -> 6 | AO31: 8 | AP31: 4 | AQ31: 99 | AR31: cm | AS31: =IF(AQ31="","",IF(AR31="cm",AQ31,IF(AR31="inch",AQ31*2.54,""))) -> 99
A32: 31 | D32: 1 | E32: 63 | F32: =IF(E32="","",IF(E32<70,0,1)) -> 0 | G32: 2 | H32: 2 | I32: 1 | J32: 1 | K32: 1 | L32: 0 | M32: 0 | N32: 0 | O32: 0 | P32: 0 | Q32: 0 | R32: 0 | S32: 0 | T32: 0 | U32: 1 | V32: ภูมิแพ้อากาศ | W32: 1 | X32: 2 | Y32: 2 | Z32: 2 | AA32: 2 | AB32: 2 | AC32: 0 | AD32: 2 | AE32: 0 | AF32: 0 | AG32: 0 | AH32: 2 | AI32: 0 | AJ32: 0 | AK32: 2 | AL32: 2 | AM32: 0 | AN32: =IF(COUNTA(AB32:AD32)=0,"",SUM(AB32:AD32)) -> 4 | AO32: 2 | AP32: 4 | AQ32: 71 | AR32: cm | AS32: =IF(AQ32="","",IF(AR32="cm",AQ32,IF(AR32="inch",AQ32*2.54,""))) -> 71
A33: 32 | D33: 1 | E33: 63 | F33: =IF(E33="","",IF(E33<70,0,1)) -> 0 | G33: 1 | H33: 3 | I33: 2 | J33: 2 | K33: 1 | L33: 0 | M33: 0 | N33: 0 | O33: 1 | P33: 0 | Q33: 0 | R33: 0 | S33: 0 | T33: 0 | U33: 1 | V33: ภูมิแพ้อากาศ | W33: 2 | X33: 2 | Y33: 2 | Z33: 2 | AA33: 2 | AB33: 2 | AC33: 2 | AD33: 2 | AE33: 0 | AF33: 2 | AG33: 2 | AH33: 2 | AI33: 2 | AJ33: 2 | AK33: 2 | AL33: 4 | AM33: 0 | AN33: =IF(COUNTA(AB33:AD33)=0,"",SUM(AB33:AD33)) -> 6 | AO33: 10 | AP33: 6 | AQ33: 101 | AR33: cm | AS33: =IF(AQ33="","",IF(AR33="cm",AQ33,IF(AR33="inch",AQ33*2.54,""))) -> 101
A34: 33 | D34: 1 | E34: 68 | F34: =IF(E34="","",IF(E34<70,0,1)) -> 0 | G34: 2 | H34: 4 | I34: 2 | J34: 4 | K34: 0 | L34: 1 | M34: 0 | N34: 0 | O34: 0 | P34: 0 | Q34: 0 | R34: 0 | S34: 0 | T34: 0 | U34: 1 | V34: ไทรอยด์ | W34: 1 | X34: 2 | Y34: 2 | Z34: 2 | AA34: 2 | AB34: 2 | AC34: 2 | AD34: 2 | AE34: 0 | AF34: 0 | AG34: 2 | AH34: 2 | AI34: 2 | AJ34: 2 | AK34: 2 | AL34: 4 | AM34: 2 | AN34: =IF(COUNTA(AB34:AD34)=0,"",SUM(AB34:AD34)) -> 6 | AO34: 8 | AP34: 8 | AQ34: 86.5 | AR34: cm | AS34: =IF(AQ34="","",IF(AR34="cm",AQ34,IF(AR34="inch",AQ34*2.54,""))) -> 86.5
A35: 34 | D35: 1 | E35: 64 | F35: =IF(E35="","",IF(E35<70,0,1)) -> 0 | G35: 2 | H35: 2 | I35: 2 | J35: 3 | K35: 0 | L35: 0 | M35: 1 | N35: 0 | O35: 0 | P35: 0 | Q35: 0 | R35: 0 | S35: 0 | T35: 0 | U35: 0 | V35: ไม่มีโรค | W35: 4 | X35: 2 | Y35: 2 | Z35: 2 | AA35: 2 | AB35: 2 | AC35: 2 | AD35: 2 | AE35: 0 | AF35: 0 | AG35: 2 | AH35: 2 | AI35: 2 | AJ35: 2 | AK35: 2 | AL35: 2 | AM35: 0 | AN35: =IF(COUNTA(AB35:AD35)=0,"",SUM(AB35:AD35)) -> 6 | AO35: 8 | AP35: 4 | AQ35: 84 | AR35: cm | AS35: =IF(AQ35="","",IF(AR35="cm",AQ35,IF(AR35="inch",AQ35*2.54,""))) -> 84
A36: 35 | D36: 1 | E36: 69 | F36: =IF(E36="","",IF(E36<70,0,1)) -> 0 | G36: 2 | H36: 2 | I36: 2 | J36: 2 | K36: 0 | L36: 0 | M36: 0 | N36: 1 | O36: 0 | P36: 0 | Q36: 1 | R36: 1 | S36: 0 | T36: 0 | U36: 0 | W36: 2 | X36: 2 | Y36: 2 | Z36: 2 | AA36: 4 | AB36: 2 | AC36: 2 | AD36: 2 | AE36: 0 | AF36: 0 | AG36: 2 | AH36: 0 | AI36: 0 | AJ36: 2 | AK36: 4 | AL36: 2 | AM36: 0 | AN36: =IF(COUNTA(AB36:AD36)=0,"",SUM(AB36:AD36)) -> 6 | AO36: 4 | AP36: 6 | AQ36: 85 | AR36: cm | AS36: =IF(AQ36="","",IF(AR36="cm",AQ36,IF(AR36="inch",AQ36*2.54,""))) -> 85
A37: 36 | D37: 1 | E37: 66 | F37: =IF(E37="","",IF(E37<70,0,1)) -> 0 | G37: 2 | H37: 4 | I37: 1 | J37: 4 | K37: 0 | L37: 0 | M37: 0 | N37: 0 | O37: 1 | P37: 1 | Q37: 0 | R37: 0 | S37: 0 | T37: 0 | U37: 0 | W37: 1 | X37: 2 | Y37: 2 | Z37: 2 | AA37: 4 | AB37: 2 | AC37: 2 | AD37: 2 | AE37: 0 | AF37: 0 | AG37: 2 | AH37: 0 | AI37: 0 | AJ37: 2 | AK37: 2 | AL37: 2 | AM37: 0 | AN37: =IF(COUNTA(AB37:AD37)=0,"",SUM(AB37:AD37)) -> 6 | AO37: 4 | AP37: 4 | AQ37: 91 | AR37: cm | AS37: =IF(AQ37="","",IF(AR37="cm",AQ37,IF(AR37="inch",AQ37*2.54,""))) -> 91
A38: 37 | D38: 1 | E38: 61 | F38: =IF(E38="","",IF(E38<70,0,1)) -> 0 | G38: 2 | H38: 2 | I38: 1 | J38: 4 | K38: 0 | L38: 0 | M38: 0 | N38: 0 | O38: 1 | P38: 1 | Q38: 1 | R38: 1 | S38: 0 | T38: 0 | U38: 0 | W38: 4 | X38: 2 | Y38: 2 | Z38: 2 | AA38: 4 | AB38: 2 | AC38: 2 | AD38: 2 | AE38: 0 | AF38: 0 | AG38: 2 | AH38: 0 | AI38: 0 | AJ38: 2 | AK38: 2 | AL38: 2 | AM38: 0 | AN38: =IF(COUNTA(AB38:AD38)=0,"",SUM(AB38:AD38)) -> 6 | AO38: 4 | AP38: 4 | AQ38: 104.5 | AR38: cm | AS38: =IF(AQ38="","",IF(AR38="cm",AQ38,IF(AR38="inch",AQ38*2.54,""))) -> 104.5
A39: 38 | D39: 1 | E39: 61 | F39: =IF(E39="","",IF(E39<70,0,1)) -> 0 | G39: 2 | H39: 1 | I39: 2 | J39: 2 | K39: 0 | L39: 0 | M39: 0 | N39: 0 | O39: 1 | P39: 0 | Q39: 0 | R39: 1 | S39: 0 | T39: 0 | U39: 0 | W39: 2 | X39: 2 | Y39: 2 | Z39: 2 | AA39: 4 | AB39: 2 | AC39: 2 | AD39: 2 | AE39: 0 | AF39: 0 | AG39: 0 | AH39: 0 | AI39: 0 | AJ39: 2 | AK39: 2 | AL39: 2 | AM39: 0 | AN39: =IF(COUNTA(AB39:AD39)=0,"",SUM(AB39:AD39)) -> 6 | AO39: 2 | AP39: 4 | AQ39: 105.5 | AR39: cm | AS39: =IF(AQ39="","",IF(AR39="cm",AQ39,IF(AR39="inch",AQ39*2.54,""))) -> 105.5
A40: 39 | D40: 1 | E40: 66 | F40: =IF(E40="","",IF(E40<70,0,1)) -> 0 | G40: 2 | H40: 1 | I40: 1 | J40: 1 | K40: 1 | L40: 0 | M40: 0 | N40: 0 | O40: 0 | P40: 0 | Q40: 1 | R40: 1 | S40: 0 | T40: 0 | U40: 0 | W40: 1 | X40: 0 | Y40: 0 | Z40: 2 | AA40: 4 | AB40: 2 | AC40: 2 | AD40: 2 | AE40: 0 | AF40: 0 | AG40: 0 | AH40: 0 | AI40: 0 | AJ40: 0 | AK40: 2 | AL40: 4 | AM40: 0 | AN40: =IF(COUNTA(AB40:AD40)=0,"",SUM(AB40:AD40)) -> 6 | AO40: 0 | AP40: 6 | AQ40: 79 | AR40: cm | AS40: =IF(AQ40="","",IF(AR40="cm",AQ40,IF(AR40="inch",AQ40*2.54,""))) -> 79
A41: 40 | D41: 1 | E41: 67 | F41: =IF(E41="","",IF(E41<70,0,1)) -> 0 | G41: 2 | H41: 1 | I41: 1 | J41: 1 | K41: 0 | L41: 0 | M41: 0 | N41: 1 | O41: 0 | P41: 0 | Q41: 0 | R41: 1 | S41: 0 | T41: 0 | U41: 0 | W41: 4 | X41: 2 | Y41: 2 | Z41: 2 | AA41: 4 | AB41: 2 | AC41: 2 | AD41: 2 | AE41: 0 | AF41: 2 | AG41: 0 | AH41: 0 | AI41: 0 | AJ41: 2 | AK41: 2 | AL41: 2 | AM41: 0 | AN41: =IF(COUNTA(AB41:AD41)=0,"",SUM(AB41:AD41)) -> 6 | AO41: 4 | AP41: 4 | AQ41: 81 | AR41: cm | AS41: =IF(AQ41="","",IF(AR41="cm",AQ41,IF(AR41="inch",AQ41*2.54,""))) -> 81
A42: 41 | D42: 1 | E42: 68 | F42: =IF(E42="","",IF(E42<70,0,1)) -> 0 | G42: 2 | H42: 1 | I42: 1 | J42: 2 | K42: 0 | L42: 0 | M42: 0 | N42: 0 | O42: 1 | P42: 0 | Q42: 0 | R42: 1 | S42: 0 | T42: 0 | U42: 0 | W42: 4 | X42: 2 | Y42: 2 | Z42: 2 | AA42: 4 | AB42: 2 | AC42: 2 | AD42: 2 | AE42: 0 | AF42: 0 | AG42: 2 | AH42: 0 | AI42: 2 | AJ42: 0 | AK42: 2 | AL42: 2 | AM42: 0 | AN42: =IF(COUNTA(AB42:AD42)=0,"",SUM(AB42:AD42)) -> 6 | AO42: 4 | AP42: 4 | AQ42: 77 | AR42: cm | AS42: =IF(AQ42="","",IF(AR42="cm",AQ42,IF(AR42="inch",AQ42*2.54,""))) -> 77
A43: 42 | D43: 1 | E43: 68 | F43: =IF(E43="","",IF(E43<70,0,1)) -> 0 | G43: 2 | H43: 1 | I43: 3 | J43: 1 | K43: 0 | L43: 0 | M43: 0 | N43: 1 | O43: 0 | P43: 0 | Q43: 0 | R43: 0 | S43: 0 | T43: 0 | U43: 1 | V43: รูมาตอยด์ | W43: 1 | X43: 4 | Y43: 2 | Z43: 2 | AA43: 2 | AB43: 2 | AC43: 0 | AD43: 2 | AE43: 0 | AF43: 2 | AG43: 0 | AH43: 0 | AI43: 0 | AJ43: 2 | AK43: 2 | AL43: 2 | AM43: 0 | AN43: =IF(COUNTA(AB43:AD43)=0,"",SUM(AB43:AD43)) -> 4 | AO43: 4 | AP43: 4 | AQ43: 89.5 | AR43: cm | AS43: =IF(AQ43="","",IF(AR43="cm",AQ43,IF(AR43="inch",AQ43*2.54,""))) -> 89.5
A44: 43 | D44: 1 | E44: 65 | F44: =IF(E44="","",IF(E44<70,0,1)) -> 0 | G44: 2 | H44: 1 | I44: 2 | J44: 2 | K44: 1 | L44: 0 | M44: 0 | N44: 1 | O44: 0 | P44: 0 | Q44: 1 | R44: 1 | S44: 0 | T44: 0 | U44: 0 | W44: 4 | X44: 2 | Y44: 2 | Z44: 2 | AA44: 2 | AB44: 2 | AC44: 0 | AD44: 2 | AE44: 2 | AF44: 4 | AG44: 4 | AH44: 0 | AI44: 2 | AJ44: 2 | AK44: 2 | AL44: 2 | AM44: 0 | AN44: =IF(COUNTA(AB44:AD44)=0,"",SUM(AB44:AD44)) -> 4 | AO44: 14 | AP44: 4 | AQ44: 105.5 | AR44: cm | AS44: =IF(AQ44="","",IF(AR44="cm",AQ44,IF(AR44="inch",AQ44*2.54,""))) -> 105.5
A45: 44 | D45: 1 | E45: 68 | F45: =IF(E45="","",IF(E45<70,0,1)) -> 0 | G45: 2 | H45: 1 | I45: 3 | J45: 1 | K45: 1 | L45: 0 | M45: 0 | N45: 0 | O45: 0 | P45: 0 | Q45: 0 | R45: 0 | S45: 0 | T45: 1 | U45: 0 | W45: 1 | X45: 4 | Y45: 2 | Z45: 2 | AA45: 4 | AB45: 2 | AC45: 2 | AD45: 2 | AE45: 2 | AF45: 0 | AG45: 0 | AH45: 0 | AI45: 0 | AJ45: 0 | AK45: 2 | AL45: 2 | AM45: 0 | AN45: =IF(COUNTA(AB45:AD45)=0,"",SUM(AB45:AD45)) -> 6 | AO45: 2 | AP45: 4 | AQ45: 93.5 | AR45: cm | AS45: =IF(AQ45="","",IF(AR45="cm",AQ45,IF(AR45="inch",AQ45*2.54,""))) -> 93.5
A46: 45 | D46: 1 | E46: 68 | F46: =IF(E46="","",IF(E46<70,0,1)) -> 0 | G46: 2 | H46: 3 | I46: 1 | J46: 1 | K46: 1 | L46: 0 | M46: 0 | N46: 0 | O46: 0 | P46: 0 | Q46: 1 | R46: 1 | S46: 1 | T46: 0 | U46: 1 | V46: โรคหัวใจ | W46: 1 | X46: 0 | Y46: 0 | Z46: 2 | AA46: 4 | AB46: 2 | AC46: 2 | AD46: 2 | AE46: 2 | AF46: 2 | AG46: 0 | AH46: 0 | AI46: 0 | AJ46: 2 | AK46: 2 | AL46: 2 | AM46: 0 | AN46: =IF(COUNTA(AB46:AD46)=0,"",SUM(AB46:AD46)) -> 6 | AO46: 6 | AP46: 4 | AQ46: 96.5 | AR46: cm | AS46: =IF(AQ46="","",IF(AR46="cm",AQ46,IF(AR46="inch",AQ46*2.54,""))) -> 96.5
A47: 46 | D47: 1 | E47: 67 | F47: =IF(E47="","",IF(E47<70,0,1)) -> 0 | G47: 2 | H47: 1 | I47: 3 | J47: 1 | K47: 1 | L47: 0 | M47: 0 | N47: 0 | O47: 0 | P47: 1 | Q47: 1 | R47: 1 | S47: 0 | T47: 0 | U47: 0 | W47: 4 | X47: 2 | Y47: 0 | Z47: 0 | AA47: 4 | AB47: 2 | AC47: 0 | AD47: 2 | AE47: 4 | AF47: 0 | AG47: 2 | AH47: 4 | AI47: 2 | AJ47: 2 | AK47: 2 | AL47: 4 | AM47: 0 | AN47: =IF(COUNTA(AB47:AD47)=0,"",SUM(AB47:AD47)) -> 4 | AO47: 14 | AP47: 6 | AQ47: 85.5 | AR47: cm | AS47: =IF(AQ47="","",IF(AR47="cm",AQ47,IF(AR47="inch",AQ47*2.54,""))) -> 85.5
A48: 47 | D48: 1 | E48: 61 | F48: =IF(E48="","",IF(E48<70,0,1)) -> 0 | G48: 2 | H48: 1 | I48: 2 | J48: 1 | K48: 1 | L48: 0 | M48: 0 | N48: 0 | O48: 0 | P48: 0 | Q48: 0 | R48: 1 | S48: 0 | T48: 0 | U48: 0 | W48: 4 | X48: 2 | Y48: 2 | Z48: 2 | AA48: 4 | AB48: 2 | AC48: 0 | AD48: 2 | AE48: 0 | AF48: 0 | AG48: 0 | AH48: 0 | AI48: 0 | AJ48: 0 | AK48: 2 | AL48: 2 | AM48: 0 | AN48: =IF(COUNTA(AB48:AD48)=0,"",SUM(AB48:AD48)) -> 4 | AO48: 0 | AP48: 4 | AQ48: 90 | AR48: cm | AS48: =IF(AQ48="","",IF(AR48="cm",AQ48,IF(AR48="inch",AQ48*2.54,""))) -> 90
A49: 48 | D49: 1 | E49: 69 | F49: =IF(E49="","",IF(E49<70,0,1)) -> 0 | G49: 2 | H49: 1 | I49: 2 | J49: 1 | K49: 1 | L49: 0 | M49: 0 | N49: 0 | O49: 0 | P49: 0 | Q49: 1 | R49: 1 | S49: 0 | T49: 0 | U49: 1 | V49: เข่าเสื่อม | W49: 4 | X49: 0 | Y49: 2 | Z49: 2 | AA49: 4 | AB49: 2 | AC49: 2 | AD49: 2 | AE49: 0 | AF49: 0 | AG49: 2 | AH49: 0 | AI49: 0 | AJ49: 2 | AK49: 2 | AL49: 2 | AM49: 0 | AN49: =IF(COUNTA(AB49:AD49)=0,"",SUM(AB49:AD49)) -> 6 | AO49: 4 | AP49: 4 | AQ49: 102 | AR49: cm | AS49: =IF(AQ49="","",IF(AR49="cm",AQ49,IF(AR49="inch",AQ49*2.54,""))) -> 102
A50: 49 | D50: 1 | E50: 63 | F50: =IF(E50="","",IF(E50<70,0,1)) -> 0 | G50: 2 | H50: 1 | I50: 2 | J50: 1 | K50: 0 | L50: 0 | M50: 0 | N50: 1 | O50: 0 | P50: 0 | Q50: 1 | R50: 0 | S50: 0 | T50: 0 | U50: 0 | W50: 2 | X50: 2 | Y50: 2 | Z50: 2 | AA50: 4 | AB50: 2 | AC50: 2 | AD50: 2 | AE50: 0 | AF50: 4 | AG50: 4 | AH50: 0 | AI50: 2 | AJ50: 2 | AK50: 2 | AL50: 2 | AM50: 0 | AN50: =IF(COUNTA(AB50:AD50)=0,"",SUM(AB50:AD50)) -> 6 | AO50: 12 | AP50: 4 | AQ50: 73 | AR50: cm | AS50: =IF(AQ50="","",IF(AR50="cm",AQ50,IF(AR50="inch",AQ50*2.54,""))) -> 73
A51: 50 | D51: 1 | E51: 68 | F51: =IF(E51="","",IF(E51<70,0,1)) -> 0 | G51: 2 | H51: 1 | I51: 3 | J51: 1 | K51: 1 | L51: 0 | M51: 0 | N51: 0 | O51: 0 | P51: 0 | Q51: 1 | R51: 1 | S51: 0 | T51: 0 | U51: 1 | V51: Gout | W51: 4 | X51: 2 | Y51: 2 | Z51: 0 | AA51: 4 | AB51: 2 | AC51: 2 | AD51: 2 | AE51: 0 | AF51: 0 | AG51: 0 | AH51: 0 | AI51: 0 | AJ51: 0 | AK51: 2 | AL51: 2 | AM51: 0 | AN51: =IF(COUNTA(AB51:AD51)=0,"",SUM(AB51:AD51)) -> 6 | AO51: 0 | AP51: 4 | AQ51: 86.5 | AR51: cm | AS51: =IF(AQ51="","",IF(AR51="cm",AQ51,IF(AR51="inch",AQ51*2.54,""))) -> 86.5
A52: 51 | D52: 1 | E52: 61 | F52: =IF(E52="","",IF(E52<70,0,1)) -> 0 | G52: 2 | H52: 1 | I52: 1 | J52: 1 | K52: 1 | L52: 0 | M52: 0 | N52: 0 | O52: 0 | P52: 0 | Q52: 1 | R52: 0 | S52: 0 | T52: 0 | U52: 0 | W52: 1 | X52: 2 | Y52: 0 | Z52: 2 | AA52: 4 | AB52: 2 | AC52: 0 | AD52: 2 | AE52: 0 | AF52: 0 | AG52: 2 | AH52: 0 | AI52: 2 | AJ52: 2 | AK52: 2 | AL52: 2 | AM52: 0 | AN52: =IF(COUNTA(AB52:AD52)=0,"",SUM(AB52:AD52)) -> 4 | AO52: 6 | AP52: 4 | AQ52: 69 | AR52: cm | AS52: =IF(AQ52="","",IF(AR52="cm",AQ52,IF(AR52="inch",AQ52*2.54,""))) -> 69
A53: 52 | D53: 1 | E53: 60 | F53: =IF(E53="","",IF(E53<70,0,1)) -> 0 | G53: 2 | H53: 1 | I53: 2 | J53: 2 | K53: 0 | L53: 0 | M53: 0 | N53: 0 | O53: 4 | P53: 0 | Q53: 1 | R53: 1 | S53: 0 | T53: 0 | U53: 1 | V53: โรคหัวใจ | W53: 4 | X53: 0 | Y53: 2 | Z53: 0 | AA53: 4 | AB53: 2 | AC53: 0 | AD53: 2 | AE53: 0 | AF53: 2 | AG53: 0 | AH53: 2 | AI53: 0 | AJ53: 2 | AK53: 4 | AL53: 2 | AM53: 0 | AN53: =IF(COUNTA(AB53:AD53)=0,"",SUM(AB53:AD53)) -> 4 | AO53: 6 | AP53: 6 | AQ53: 97 | AR53: cm | AS53: =IF(AQ53="","",IF(AR53="cm",AQ53,IF(AR53="inch",AQ53*2.54,""))) -> 97
A54: 53 | D54: 1 | E54: 67 | F54: =IF(E54="","",IF(E54<70,0,1)) -> 0 | G54: 2 | H54: 1 | I54: 2 | J54: 1 | K54: 0 | L54: 0 | M54: 0 | N54: 0 | O54: 1 | P54: 1 | Q54: 1 | R54: 0 | S54: 0 | T54: 0 | U54: 0 | W54: 4 | X54: 0 | Y54: 2 | Z54: 0 | AA54: 4 | AB54: 2 | AC54: 2 | AD54: 2 | AE54: 2 | AF54: 0 | AG54: 0 | AH54: 0 | AI54: 2 | AJ54: 2 | AK54: 2 | AL54: 2 | AM54: 0 | AN54: =IF(COUNTA(AB54:AD54)=0,"",SUM(AB54:AD54)) -> 6 | AO54: 6 | AP54: 4 | AQ54: 93 | AR54: cm | AS54: =IF(AQ54="","",IF(AR54="cm",AQ54,IF(AR54="inch",AQ54*2.54,""))) -> 93
A55: 54 | D55: 1 | E55: 65 | F55: =IF(E55="","",IF(E55<70,0,1)) -> 0 | G55: 2 | H55: 1 | I55: 3 | J55: 1 | K55: 1 | L55: 0 | M55: 0 | N55: 0 | O55: 0 | P55: 0 | Q55: 1 | R55: 1 | S55: 0 | T55: 0 | U55: 0 | W55: 4 | X55: 2 | Y55: 0 | Z55: 0 | AA55: 4 | AB55: 2 | AC55: 0 | AD55: 2 | AE55: 0 | AF55: 0 | AG55: 2 | AH55: 2 | AI55: 2 | AJ55: 0 | AK55: 2 | AL55: 4 | AM55: 0 | AN55: =IF(COUNTA(AB55:AD55)=0,"",SUM(AB55:AD55)) -> 4 | AO55: 6 | AP55: 6 | AQ55: 105.5 | AR55: cm | AS55: =IF(AQ55="","",IF(AR55="cm",AQ55,IF(AR55="inch",AQ55*2.54,""))) -> 105.5
A56: 55 | D56: 1 | E56: 66 | F56: =IF(E56="","",IF(E56<70,0,1)) -> 0 | G56: 2 | H56: 1 | I56: 4 | J56: 1 | K56: 1 | L56: 0 | M56: 0 | N56: 0 | O56: 1 | P56: 0 | Q56: 1 | R56: 1 | S56: 0 | T56: 0 | U56: 0 | W56: 1 | X56: 2 | Y56: 2 | Z56: 2 | AA56: 4 | AB56: 2 | AC56: 2 | AD56: 2 | AE56: 4 | AF56: 0 | AG56: 2 | AH56: 2 | AI56: 2 | AJ56: 0 | AK56: 2 | AL56: 2 | AM56: 0 | AN56: =IF(COUNTA(AB56:AD56)=0,"",SUM(AB56:AD56)) -> 6 | AO56: 10 | AP56: 4 | AQ56: 109 | AR56: cm | AS56: =IF(AQ56="","",IF(AR56="cm",AQ56,IF(AR56="inch",AQ56*2.54,""))) -> 109
A57: 56 | D57: 1 | E57: 65 | F57: =IF(E57="","",IF(E57<70,0,1)) -> 0 | G57: 2 | H57: 2 | I57: 2 | J57: 1 | K57: 1 | L57: 0 | M57: 0 | N57: 0 | O57: 0 | P57: 0 | Q57: 0 | R57: 0 | S57: 0 | T57: 0 | U57: 0 | V57: ไม่มีโรค | W57: 2 | X57: 2 | Y57: 2 | Z57: 0 | AA57: 2 | AB57: 0 | AC57: 0 | AD57: 2 | AE57: 0 | AF57: 0 | AG57: 0 | AH57: 2 | AI57: 2 | AJ57: 2 | AK57: 4 | AL57: 2 | AM57: 2 | AN57: =IF(COUNTA(AB57:AD57)=0,"",SUM(AB57:AD57)) -> 2 | AO57: 6 | AP57: 8 | AQ57: 95 | AR57: cm | AS57: =IF(AQ57="","",IF(AR57="cm",AQ57,IF(AR57="inch",AQ57*2.54,""))) -> 95
A58: 57 | D58: 1 | E58: 65 | F58: =IF(E58="","",IF(E58<70,0,1)) -> 0 | G58: 2 | H58: 1 | I58: 2 | J58: 1 | K58: 1 | L58: 0 | M58: 0 | N58: 0 | O58: 0 | P58: 1 | Q58: 1 | R58: 1 | S58: 0 | T58: 0 | U58: 0 | W58: 4 | X58: 2 | Y58: 2 | Z58: 2 | AA58: 4 | AB58: 2 | AC58: 0 | AD58: 2 | AE58: 0 | AF58: 0 | AG58: 0 | AH58: 0 | AI58: 2 | AJ58: 2 | AK58: 2 | AL58: 2 | AM58: 0 | AN58: =IF(COUNTA(AB58:AD58)=0,"",SUM(AB58:AD58)) -> 4 | AO58: 4 | AP58: 4 | AQ58: 83.5 | AR58: cm | AS58: =IF(AQ58="","",IF(AR58="cm",AQ58,IF(AR58="inch",AQ58*2.54,""))) -> 83.5
A59: 58 | D59: 1 | E59: 60 | F59: =IF(E59="","",IF(E59<70,0,1)) -> 0 | G59: 1 | H59: 1 | I59: 1 | J59: 1 | K59: 1 | L59: 0 | M59: 0 | N59: 0 | O59: 0 | P59: 0 | Q59: 1 | R59: 1 | S59: 0 | T59: 0 | U59: 0 | W59: 1 | X59: 2 | Y59: 0 | Z59: 0 | AA59: 4 | AB59: 2 | AC59: 2 | AD59: 2 | AE59: 0 | AF59: 0 | AG59: 0 | AH59: 0 | AI59: 0 | AJ59: 2 | AK59: 2 | AL59: 2 | AM59: 4 | AN59: =IF(COUNTA(AB59:AD59)=0,"",SUM(AB59:AD59)) -> 6 | AO59: 2 | AP59: 8 | AQ59: 93 | AR59: cm | AS59: =IF(AQ59="","",IF(AR59="cm",AQ59,IF(AR59="inch",AQ59*2.54,""))) -> 93
A60: 59 | D60: 1 | E60: 66 | F60: =IF(E60="","",IF(E60<70,0,1)) -> 0 | G60: 1 | H60: 2 | I60: 1 | J60: 1 | K60: 1 | L60: 0 | M60: 0 | N60: 0 | O60: 0 | P60: 0 | Q60: 0 | R60: 0 | S60: 0 | T60: 0 | U60: 0 | V60: ไม่มีโรค | W60: 1 | X60: 2 | Y60: 2 | Z60: 0 | AA60: 2 | AB60: 2 | AC60: 2 | AD60: 2 | AE60: 2 | AF60: 4 | AG60: 0 | AH60: 2 | AI60: 0 | AJ60: 0 | AK60: 4 | AL60: 4 | AM60: 2 | AN60: =IF(COUNTA(AB60:AD60)=0,"",SUM(AB60:AD60)) -> 6 | AO60: 8 | AP60: 10 | AQ60: 68 | AR60: cm | AS60: =IF(AQ60="","",IF(AR60="cm",AQ60,IF(AR60="inch",AQ60*2.54,""))) -> 68
A61: 60 | D61: 1 | E61: 68 | F61: =IF(E61="","",IF(E61<70,0,1)) -> 0 | G61: 2 | H61: 1 | I61: 1 | J61: 1 | K61: 1 | L61: 0 | M61: 0 | N61: 0 | O61: 1 | P61: 1 | Q61: 1 | R61: 1 | S61: 0 | T61: 0 | U61: 0 | W61: 1 | X61: 4 | Y61: 2 | Z61: 2 | AA61: 4 | AB61: 4 | AC61: 2 | AD61: 2 | AE61: 2 | AF61: 2 | AG61: 2 | AH61: 2 | AI61: 2 | AJ61: 0 | AK61: 2 | AL61: 4 | AM61: 2 | AN61: =IF(COUNTA(AB61:AD61)=0,"",SUM(AB61:AD61)) -> 8 | AO61: 10 | AP61: 8 | AQ61: 124 | AR61: cm | AS61: =IF(AQ61="","",IF(AR61="cm",AQ61,IF(AR61="inch",AQ61*2.54,""))) -> 124
A62: 61 | D62: 1 | E62: 67 | F62: =IF(E62="","",IF(E62<70,0,1)) -> 0 | G62: 2 | H62: 1 | I62: 2 | J62: 1 | K62: 1 | L62: 0 | M62: 0 | N62: 0 | O62: 1 | P62: 1 | Q62: 1 | R62: 1 | S62: 0 | T62: 0 | U62: 0 | W62: 4 | X62: 2 | Y62: 2 | Z62: 2 | AA62: 4 | AB62: 2 | AC62: 0 | AD62: 2 | AE62: 0 | AF62: 0 | AG62: 0 | AH62: 0 | AI62: 0 | AJ62: 0 | AK62: 2 | AL62: 2 | AM62: 0 | AN62: =IF(COUNTA(AB62:AD62)=0,"",SUM(AB62:AD62)) -> 4 | AO62: 0 | AP62: 4 | AQ62: 87 | AR62: cm | AS62: =IF(AQ62="","",IF(AR62="cm",AQ62,IF(AR62="inch",AQ62*2.54,""))) -> 87
A63: 62 | D63: 1 | E63: 65 | F63: =IF(E63="","",IF(E63<70,0,1)) -> 0 | G63: 2 | H63: 1 | I63: 2 | J63: 1 | K63: 1 | L63: 0 | M63: 0 | N63: 0 | O63: 0 | P63: 0 | Q63: 1 | R63: 0 | S63: 0 | T63: 0 | U63: 0 | V63: สะเก็ดเงิน | W63: 2 | X63: 2 | Y63: 2 | Z63: 2 | AA63: 4 | AB63: 2 | AC63: 2 | AD63: 2 | AE63: 0 | AF63: 0 | AG63: 2 | AH63: 0 | AI63: 0 | AJ63: 2 | AK63: 2 | AL63: 2 | AM63: 0 | AN63: =IF(COUNTA(AB63:AD63)=0,"",SUM(AB63:AD63)) -> 6 | AO63: 4 | AP63: 4 | AQ63: 92 | AR63: cm | AS63: =IF(AQ63="","",IF(AR63="cm",AQ63,IF(AR63="inch",AQ63*2.54,""))) -> 92
A64: 63 | D64: 1 | E64: 65 | F64: =IF(E64="","",IF(E64<70,0,1)) -> 0 | G64: 2 | H64: 1 | I64: 2 | J64: 1 | K64: 1 | L64: 0 | M64: 0 | N64: 0 | O64: 0 | P64: 0 | Q64: 0 | R64: 0 | S64: 0 | T64: 0 | U64: 1 | V64: โลหิตจาง | W64: 2 | X64: 2 | Y64: 2 | Z64: 2 | AA64: 4 | AB64: 2 | AC64: 2 | AD64: 2 | AE64: 0 | AF64: 0 | AG64: 2 | AH64: 0 | AI64: 2 | AJ64: 2 | AK64: 2 | AL64: 2 | AM64: 0 | AN64: =IF(COUNTA(AB64:AD64)=0,"",SUM(AB64:AD64)) -> 6 | AO64: 6 | AP64: 4 | AQ64: 70 | AR64: cm | AS64: =IF(AQ64="","",IF(AR64="cm",AQ64,IF(AR64="inch",AQ64*2.54,""))) -> 70
A65: 64 | D65: 1 | E65: 65 | F65: =IF(E65="","",IF(E65<70,0,1)) -> 0 | G65: 2 | H65: 2 | I65: 2 | J65: 2 | K65: 1 | L65: 0 | M65: 0 | N65: 0 | O65: 1 | P65: 0 | Q65: 0 | R65: 0 | S65: 0 | T65: 0 | U65: 0 | V65: ไม่มีโรค | W65: 4 | X65: 2 | Y65: 2 | Z65: 2 | AA65: 2 | AB65: 2 | AC65: 0 | AD65: 2 | AE65: 0 | AF65: 2 | AG65: 2 | AH65: 0 | AI65: 2 | AJ65: 2 | AK65: 2 | AL65: 2 | AM65: 0 | AN65: =IF(COUNTA(AB65:AD65)=0,"",SUM(AB65:AD65)) -> 4 | AO65: 8 | AP65: 4 | AQ65: 76 | AR65: cm | AS65: =IF(AQ65="","",IF(AR65="cm",AQ65,IF(AR65="inch",AQ65*2.54,""))) -> 76
A66: 65 | D66: 1 | E66: 69 | F66: =IF(E66="","",IF(E66<70,0,1)) -> 0 | G66: 2 | H66: 2 | I66: 3 | J66: 1 | K66: 1 | L66: 0 | M66: 0 | N66: 0 | O66: 0 | P66: 0 | Q66: 1 | R66: 0 | S66: 0 | T66: 0 | U66: 0 | W66: 4 | X66: 2 | Y66: 2 | Z66: 2 | AA66: 4 | AB66: 2 | AC66: 0 | AD66: 2 | AE66: 0 | AF66: 2 | AG66: 0 | AH66: 2 | AI66: 2 | AJ66: 2 | AK66: 2 | AL66: 2 | AM66: 4 | AN66: =IF(COUNTA(AB66:AD66)=0,"",SUM(AB66:AD66)) -> 4 | AO66: 8 | AP66: 8 | AQ66: 100 | AR66: cm | AS66: =IF(AQ66="","",IF(AR66="cm",AQ66,IF(AR66="inch",AQ66*2.54,""))) -> 100
A67: 66 | D67: 1 | E67: 66 | F67: =IF(E67="","",IF(E67<70,0,1)) -> 0 | G67: 2 | H67: 1 | I67: 2 | J67: 1 | K67: 1 | L67: 0 | M67: 0 | N67: 1 | O67: 0 | P67: 0 | Q67: 1 | R67: 1 | S67: 0 | T67: 0 | U67: 1 | V67: โรคหัวใจ | W67: 4 | X67: 0 | Y67: 2 | Z67: 2 | AA67: 4 | AB67: 2 | AC67: 2 | AD67: 2 | AE67: 2 | AF67: 4 | AG67: 2 | AH67: 2 | AI67: 0 | AJ67: 2 | AK67: 2 | AL67: 2 | AM67: 2 | AN67: =IF(COUNTA(AB67:AD67)=0,"",SUM(AB67:AD67)) -> 6 | AO67: 12 | AP67: 6 | AQ67: 90.5 | AR67: cm | AS67: =IF(AQ67="","",IF(AR67="cm",AQ67,IF(AR67="inch",AQ67*2.54,""))) -> 90.5
A68: 67 | D68: 1 | E68: 62 | F68: =IF(E68="","",IF(E68<70,0,1)) -> 0 | G68: 2 | H68: 1 | I68: 1 | J68: 1 | K68: 1 | L68: 0 | M68: 0 | N68: 1 | O68: 0 | P68: 0 | Q68: 1 | R68: 0 | S68: 0 | T68: 0 | U68: 0 | W68: 4 | X68: 2 | Y68: 2 | Z68: 2 | AA68: 4 | AB68: 2 | AC68: 2 | AD68: 2 | AE68: 0 | AF68: 2 | AG68: 2 | AH68: 2 | AI68: 2 | AJ68: 2 | AK68: 2 | AL68: 2 | AM68: 4 | AN68: =IF(COUNTA(AB68:AD68)=0,"",SUM(AB68:AD68)) -> 6 | AO68: 10 | AP68: 8 | AQ68: 60 | AR68: cm | AS68: =IF(AQ68="","",IF(AR68="cm",AQ68,IF(AR68="inch",AQ68*2.54,""))) -> 60
A69: 68 | D69: 1 | E69: 62 | F69: =IF(E69="","",IF(E69<70,0,1)) -> 0 | G69: 1 | H69: 3 | I69: 2 | J69: 2 | K69: 1 | L69: 0 | M69: 0 | N69: 0 | O69: 1 | P69: 0 | Q69: 0 | R69: 0 | S69: 0 | T69: 0 | U69: 0 | V69: ไม่มีโรค | W69: 4 | X69: 2 | Y69: 2 | Z69: 2 | AA69: 2 | AB69: 2 | AC69: 2 | AD69: 2 | AE69: 2 | AF69: 2 | AG69: 0 | AH69: 0 | AI69: 2 | AJ69: 2 | AK69: 4 | AL69: 2 | AM69: 0 | AN69: =IF(COUNTA(AB69:AD69)=0,"",SUM(AB69:AD69)) -> 6 | AO69: 8 | AP69: 6 | AQ69: 88 | AR69: cm | AS69: =IF(AQ69="","",IF(AR69="cm",AQ69,IF(AR69="inch",AQ69*2.54,""))) -> 88
A70: 69 | D70: 1 | E70: 67 | F70: =IF(E70="","",IF(E70<70,0,1)) -> 0 | G70: 2 | H70: 1 | I70: 2 | J70: 1 | K70: 1 | L70: 0 | M70: 0 | N70: 1 | O70: 0 | P70: 0 | Q70: 1 | R70: 0 | S70: 0 | T70: 0 | U70: 0 | W70: 2 | X70: 0 | Y70: 2 | Z70: 2 | AA70: 4 | AB70: 2 | AC70: 2 | AD70: 2 | AE70: 0 | AF70: 2 | AG70: 2 | AH70: 0 | AI70: 2 | AJ70: 0 | AK70: 2 | AL70: 2 | AM70: 2 | AN70: =IF(COUNTA(AB70:AD70)=0,"",SUM(AB70:AD70)) -> 6 | AO70: 6 | AP70: 6 | AQ70: 90 | AR70: cm | AS70: =IF(AQ70="","",IF(AR70="cm",AQ70,IF(AR70="inch",AQ70*2.54,""))) -> 90
A71: 70 | D71: 1 | E71: 66 | F71: =IF(E71="","",IF(E71<70,0,1)) -> 0 | G71: 2 | H71: 2 | I71: 3 | J71: 1 | K71: 1 | L71: 0 | M71: 0 | N71: 0 | O71: 0 | P71: 1 | Q71: 1 | R71: 1 | S71: 0 | T71: 0 | U71: 0 | W71: 4 | X71: 0 | Y71: 2 | Z71: 2 | AA71: 4 | AB71: 2 | AC71: 2 | AD71: 2 | AE71: 2 | AF71: 2 | AG71: 4 | AH71: 2 | AI71: 2 | AJ71: 2 | AK71: 4 | AL71: 2 | AM71: 4 | AN71: =IF(COUNTA(AB71:AD71)=0,"",SUM(AB71:AD71)) -> 6 | AO71: 14 | AP71: 10 | AQ71: 93 | AR71: cm | AS71: =IF(AQ71="","",IF(AR71="cm",AQ71,IF(AR71="inch",AQ71*2.54,""))) -> 93
A72: 71 | D72: 1 | E72: 67 | F72: =IF(E72="","",IF(E72<70,0,1)) -> 0 | G72: 2 | H72: 1 | I72: 2 | J72: 1 | K72: 1 | L72: 0 | M72: 0 | N72: 0 | O72: 0 | P72: 0 | Q72: 1 | R72: 1 | S72: 0 | T72: 0 | U72: 0 | W72: 4 | X72: 4 | Y72: 2 | Z72: 2 | AA72: 4 | AB72: 2 | AC72: 2 | AD72: 2 | AE72: 2 | AF72: 2 | AG72: 2 | AH72: 2 | AI72: 0 | AJ72: 2 | AK72: 2 | AL72: 2 | AM72: 0 | AN72: =IF(COUNTA(AB72:AD72)=0,"",SUM(AB72:AD72)) -> 6 | AO72: 10 | AP72: 4 | AQ72: 88.5 | AR72: cm | AS72: =IF(AQ72="","",IF(AR72="cm",AQ72,IF(AR72="inch",AQ72*2.54,""))) -> 88.5
A73: 72 | D73: 1 | E73: 68 | F73: =IF(E73="","",IF(E73<70,0,1)) -> 0 | G73: 2 | H73: 1 | I73: 2 | J73: 1 | K73: 1 | L73: 0 | M73: 0 | N73: 0 | O73: 0 | P73: 0 | Q73: 1 | R73: 0 | S73: 0 | T73: 0 | U73: 0 | W73: 2 | X73: 2 | Y73: 2 | Z73: 0 | AA73: 4 | AB73: 2 | AC73: 2 | AD73: 2 | AE73: 4 | AF73: 2 | AG73: 0 | AH73: 0 | AI73: 2 | AJ73: 2 | AK73: 4 | AL73: 2 | AM73: 0 | AN73: =IF(COUNTA(AB73:AD73)=0,"",SUM(AB73:AD73)) -> 6 | AO73: 10 | AP73: 6 | AQ73: 67 | AR73: cm | AS73: =IF(AQ73="","",IF(AR73="cm",AQ73,IF(AR73="inch",AQ73*2.54,""))) -> 67
A74: 73 | D74: 1 | E74: 65 | F74: =IF(E74="","",IF(E74<70,0,1)) -> 0 | G74: 2 | H74: 2 | I74: 1 | J74: 1 | K74: 1 | L74: 0 | M74: 1 | N74: 0 | O74: 0 | P74: 0 | Q74: 0 | R74: 1 | S74: 0 | T74: 0 | U74: 0 | W74: 4 | X74: 2 | Y74: 2 | Z74: 2 | AA74: 4 | AB74: 2 | AC74: 2 | AD74: 2 | AE74: 0 | AF74: 0 | AG74: 2 | AH74: 2 | AI74: 2 | AJ74: 0 | AK74: 2 | AL74: 2 | AM74: 0 | AN74: =IF(COUNTA(AB74:AD74)=0,"",SUM(AB74:AD74)) -> 6 | AO74: 6 | AP74: 4 | AQ74: 88.5 | AR74: cm | AS74: =IF(AQ74="","",IF(AR74="cm",AQ74,IF(AR74="inch",AQ74*2.54,""))) -> 88.5
A75: 74 | D75: 1 | E75: 68 | F75: =IF(E75="","",IF(E75<70,0,1)) -> 0 | G75: 2 | H75: 1 | I75: 2 | J75: 1 | K75: 1 | L75: 0 | M75: 0 | N75: 0 | O75: 0 | P75: 0 | Q75: 0 | R75: 0 | S75: 0 | T75: 0 | U75: 0 | V75: ไม่มีโรค | W75: 2 | X75: 2 | Y75: 2 | Z75: 2 | AA75: 2 | AB75: 2 | AC75: 2 | AD75: 2 | AE75: 0 | AF75: 2 | AG75: 2 | AH75: 0 | AI75: 2 | AJ75: 2 | AK75: 2 | AL75: 2 | AM75: 0 | AN75: =IF(COUNTA(AB75:AD75)=0,"",SUM(AB75:AD75)) -> 6 | AO75: 8 | AP75: 4 | AQ75: 100 | AR75: cm | AS75: =IF(AQ75="","",IF(AR75="cm",AQ75,IF(AR75="inch",AQ75*2.54,""))) -> 100
A76: 75 | D76: 1 | E76: 64 | F76: =IF(E76="","",IF(E76<70,0,1)) -> 0 | G76: 2 | H76: 3 | I76: 4 | J76: 1 | K76: 1 | L76: 0 | M76: 0 | N76: 0 | O76: 0 | P76: 1 | Q76: 1 | R76: 1 | S76: 0 | T76: 0 | U76: 0 | W76: 4 | X76: 0 | Y76: 2 | Z76: 0 | AA76: 4 | AB76: 2 | AC76: 2 | AD76: 2 | AE76: 0 | AF76: 0 | AG76: 0 | AH76: 0 | AI76: 2 | AJ76: 2 | AK76: 2 | AL76: 2 | AM76: 0 | AN76: =IF(COUNTA(AB76:AD76)=0,"",SUM(AB76:AD76)) -> 6 | AO76: 4 | AP76: 4 | AQ76: 76 | AR76: cm | AS76: =IF(AQ76="","",IF(AR76="cm",AQ76,IF(AR76="inch",AQ76*2.54,""))) -> 76
A77: 76 | D77: 1 | E77: 65 | F77: =IF(E77="","",IF(E77<70,0,1)) -> 0 | G77: 2 | H77: 2 | I77: 1 | J77: 1 | K77: 1 | L77: 0 | M77: 0 | N77: 0 | O77: 0 | P77: 0 | Q77: 1 | R77: 1 | S77: 0 | T77: 0 | U77: 0 | W77: 1 | X77: 0 | Y77: 2 | Z77: 2 | AA77: 4 | AB77: 2 | AC77: 2 | AD77: 2 | AE77: 0 | AF77: 0 | AG77: 2 | AH77: 0 | AI77: 2 | AJ77: 2 | AK77: 2 | AL77: 2 | AM77: 0 | AN77: =IF(COUNTA(AB77:AD77)=0,"",SUM(AB77:AD77)) -> 6 | AO77: 6 | AP77: 4 | AQ77: 88 | AR77: cm | AS77: =IF(AQ77="","",IF(AR77="cm",AQ77,IF(AR77="inch",AQ77*2.54,""))) -> 88
A78: 77 | D78: 1 | E78: 63 | F78: =IF(E78="","",IF(E78<70,0,1)) -> 0 | G78: 2 | H78: 3 | I78: 2 | J78: 2 | K78: 1 | L78: 0 | M78: 0 | N78: 1 | O78: 1 | P78: 0 | Q78: 0 | R78: 0 | S78: 0 | T78: 0 | U78: 0 | V78: ไม่มีโรค | W78: 4 | X78: 2 | Y78: 2 | Z78: 0 | AA78: 2 | AB78: 2 | AC78: 0 | AD78: 2 | AE78: 2 | AF78: 2 | AG78: 4 | AH78: 2 | AI78: 2 | AJ78: 2 | AK78: 2 | AL78: 2 | AM78: 0 | AN78: =IF(COUNTA(AB78:AD78)=0,"",SUM(AB78:AD78)) -> 4 | AO78: 14 | AP78: 4 | AQ78: 91 | AR78: cm | AS78: =IF(AQ78="","",IF(AR78="cm",AQ78,IF(AR78="inch",AQ78*2.54,""))) -> 91
A79: 78 | D79: 1 | E79: 62 | F79: =IF(E79="","",IF(E79<70,0,1)) -> 0 | G79: 2 | H79: 2 | I79: 2 | J79: 1 | K79: 1 | L79: 0 | M79: 0 | N79: 0 | O79: 0 | P79: 0 | Q79: 0 | R79: 1 | S79: 0 | T79: 0 | U79: 0 | W79: 4 | X79: 0 | Y79: 2 | Z79: 2 | AA79: 4 | AB79: 2 | AC79: 2 | AD79: 2 | AE79: 0 | AF79: 2 | AG79: 0 | AH79: 0 | AI79: 2 | AJ79: 2 | AK79: 2 | AL79: 2 | AM79: 0 | AN79: =IF(COUNTA(AB79:AD79)=0,"",SUM(AB79:AD79)) -> 6 | AO79: 6 | AP79: 4 | AQ79: 92 | AR79: cm | AS79: =IF(AQ79="","",IF(AR79="cm",AQ79,IF(AR79="inch",AQ79*2.54,""))) -> 92
A80: 79 | D80: 1 | E80: 64 | F80: =IF(E80="","",IF(E80<70,0,1)) -> 0 | G80: 2 | H80: 1 | I80: 1 | J80: 1 | K80: 1 | L80: 0 | M80: 0 | N80: 0 | O80: 0 | P80: 1 | Q80: 1 | R80: 1 | S80: 0 | T80: 0 | U80: 0 | W80: 4 | X80: 4 | Y80: 2 | Z80: 2 | AA80: 4 | AB80: 2 | AC80: 2 | AD80: 2 | AE80: 0 | AF80: 2 | AG80: 2 | AH80: 0 | AI80: 2 | AJ80: 2 | AK80: 4 | AL80: 4 | AM80: 0 | AN80: =IF(COUNTA(AB80:AD80)=0,"",SUM(AB80:AD80)) -> 6 | AO80: 8 | AP80: 8 | AQ80: 95 | AR80: cm | AS80: =IF(AQ80="","",IF(AR80="cm",AQ80,IF(AR80="inch",AQ80*2.54,""))) -> 95
A81: 80 | D81: 1 | E81: 62 | F81: =IF(E81="","",IF(E81<70,0,1)) -> 0 | G81: 1 | H81: 2 | I81: 1 | J81: 1 | K81: 1 | L81: 0 | M81: 0 | N81: 0 | O81: 0 | P81: 1 | Q81: 1 | R81: 0 | S81: 0 | T81: 0 | U81: 1 | V81: Gout | W81: 4 | X81: 4 | Y81: 2 | Z81: 2 | AA81: 4 | AB81: 2 | AC81: 0 | AD81: 2 | AE81: 0 | AF81: 4 | AG81: 4 | AH81: 2 | AI81: 2 | AJ81: 2 | AK81: 2 | AL81: 2 | AM81: 4 | AN81: =IF(COUNTA(AB81:AD81)=0,"",SUM(AB81:AD81)) -> 4 | AO81: 14 | AP81: 8 | AQ81: 118 | AR81: cm | AS81: =IF(AQ81="","",IF(AR81="cm",AQ81,IF(AR81="inch",AQ81*2.54,""))) -> 118
A82: 81 | D82: 1 | E82: 63 | F82: =IF(E82="","",IF(E82<70,0,1)) -> 0 | G82: 2 | H82: 3 | I82: 1 | J82: 2 | K82: 1 | L82: 0 | M82: 0 | N82: 0 | O82: 1 | P82: 0 | Q82: 0 | R82: 0 | S82: 0 | T82: 0 | U82: 0 | V82: ไม่มีโรค | W82: 4 | X82: 4 | Y82: 2 | Z82: 2 | AA82: 2 | AB82: 2 | AC82: 2 | AD82: 2 | AE82: 0 | AF82: 2 | AG82: 2 | AH82: 2 | AI82: 2 | AJ82: 2 | AK82: 2 | AL82: 2 | AM82: 0 | AN82: =IF(COUNTA(AB82:AD82)=0,"",SUM(AB82:AD82)) -> 6 | AO82: 10 | AP82: 4 | AQ82: 79 | AR82: cm | AS82: =IF(AQ82="","",IF(AR82="cm",AQ82,IF(AR82="inch",AQ82*2.54,""))) -> 79
A83: 82 | D83: 1 | E83: 65 | F83: =IF(E83="","",IF(E83<70,0,1)) -> 0 | G83: 2 | H83: 3 | I83: 2 | J83: 2 | K83: 1 | L83: 0 | M83: 1 | N83: 1 | O83: 0 | P83: 0 | Q83: 0 | R83: 0 | S83: 0 | T83: 0 | U83: 0 | V83: ไม่มีโรค | W83: 4 | X83: 2 | Y83: 2 | Z83: 2 | AA83: 2 | AB83: 2 | AC83: 2 | AD83: 2 | AE83: 0 | AF83: 2 | AG83: 2 | AH83: 4 | AI83: 2 | AJ83: 2 | AK83: 2 | AL83: 2 | AM83: 0 | AN83: =IF(COUNTA(AB83:AD83)=0,"",SUM(AB83:AD83)) -> 6 | AO83: 12 | AP83: 4 | AQ83: 63.5 | AR83: cm | AS83: =IF(AQ83="","",IF(AR83="cm",AQ83,IF(AR83="inch",AQ83*2.54,""))) -> 63.5
A84: 83 | D84: 1 | E84: 67 | F84: =IF(E84="","",IF(E84<70,0,1)) -> 0 | G84: 1 | H84: 1 | I84: 2 | J84: 1 | K84: 1 | L84: 0 | M84: 0 | N84: 0 | O84: 0 | P84: 0 | Q84: 1 | R84: 0 | S84: 0 | T84: 0 | U84: 0 | W84: 4 | X84: 4 | Y84: 2 | Z84: 2 | AA84: 4 | AB84: 2 | AC84: 0 | AD84: 2 | AE84: 0 | AF84: 2 | AG84: 2 | AH84: 0 | AI84: 2 | AJ84: 2 | AK84: 2 | AL84: 4 | AM84: 0 | AN84: =IF(COUNTA(AB84:AD84)=0,"",SUM(AB84:AD84)) -> 4 | AO84: 8 | AP84: 6 | AQ84: 103 | AR84: cm | AS84: =IF(AQ84="","",IF(AR84="cm",AQ84,IF(AR84="inch",AQ84*2.54,""))) -> 103
A85: 84 | D85: 1 | E85: 65 | F85: =IF(E85="","",IF(E85<70,0,1)) -> 0 | G85: 2 | H85: 1 | I85: 3 | J85: 2 | K85: 1 | L85: 0 | M85: 0 | N85: 1 | O85: 1 | P85: 0 | Q85: 0 | R85: 0 | S85: 0 | T85: 0 | U85: 0 | V85: ไม่มีโรค | W85: 4 | X85: 2 | Y85: 2 | Z85: 0 | AA85: 2 | AB85: 2 | AC85: 0 | AD85: 2 | AE85: 0 | AF85: 0 | AG85: 2 | AH85: 0 | AI85: 0 | AJ85: 2 | AK85: 2 | AL85: 2 | AM85: 0 | AN85: =IF(COUNTA(AB85:AD85)=0,"",SUM(AB85:AD85)) -> 4 | AO85: 4 | AP85: 4 | AQ85: 71 | AR85: cm | AS85: =IF(AQ85="","",IF(AR85="cm",AQ85,IF(AR85="inch",AQ85*2.54,""))) -> 71
A86: 85 | D86: 1 | E86: 69 | F86: =IF(E86="","",IF(E86<70,0,1)) -> 0 | G86: 2 | H86: 1 | I86: 3 | J86: 2 | K86: 1 | L86: 0 | M86: 0 | N86: 1 | O86: 0 | P86: 0 | Q86: 0 | R86: 1 | S86: 0 | T86: 0 | U86: 0 | W86: 1 | X86: 2 | Y86: 2 | Z86: 2 | AA86: 4 | AB86: 2 | AC86: 2 | AD86: 2 | AE86: 2 | AF86: 2 | AG86: 2 | AH86: 2 | AI86: 2 | AJ86: 2 | AK86: 2 | AL86: 2 | AM86: 2 | AN86: =IF(COUNTA(AB86:AD86)=0,"",SUM(AB86:AD86)) -> 6 | AO86: 12 | AP86: 6 | AQ86: 86 | AR86: cm | AS86: =IF(AQ86="","",IF(AR86="cm",AQ86,IF(AR86="inch",AQ86*2.54,""))) -> 86
A87: 86 | D87: 1 | E87: 62 | F87: =IF(E87="","",IF(E87<70,0,1)) -> 0 | G87: 2 | H87: 3 | I87: 2 | J87: 3 | K87: 1 | L87: 0 | M87: 0 | N87: 1 | O87: 1 | P87: 0 | Q87: 0 | R87: 0 | S87: 0 | T87: 0 | U87: 0 | V87: ไม่มีโรค | W87: 2 | X87: 2 | Y87: 2 | Z87: 2 | AA87: 2 | AB87: 2 | AC87: 2 | AD87: 2 | AE87: 0 | AF87: 4 | AG87: 2 | AH87: 2 | AI87: 2 | AJ87: 2 | AK87: 2 | AL87: 2 | AM87: 0 | AN87: =IF(COUNTA(AB87:AD87)=0,"",SUM(AB87:AD87)) -> 6 | AO87: 12 | AP87: 4 | AQ87: 82 | AR87: cm | AS87: =IF(AQ87="","",IF(AR87="cm",AQ87,IF(AR87="inch",AQ87*2.54,""))) -> 82
A88: 87 | D88: 1 | E88: 68 | F88: =IF(E88="","",IF(E88<70,0,1)) -> 0 | G88: 1 | H88: 1 | I88: 2 | J88: 1 | K88: 1 | L88: 0 | M88: 0 | N88: 0 | O88: 0 | P88: 0 | Q88: 1 | R88: 0 | S88: 0 | T88: 0 | U88: 1 | V88: Gout | W88: 4 | X88: 2 | Y88: 2 | Z88: 2 | AA88: 4 | AB88: 2 | AC88: 2 | AD88: 2 | AE88: 2 | AF88: 2 | AG88: 2 | AH88: 2 | AI88: 2 | AJ88: 2 | AK88: 2 | AL88: 4 | AM88: 0 | AN88: =IF(COUNTA(AB88:AD88)=0,"",SUM(AB88:AD88)) -> 6 | AO88: 12 | AP88: 6 | AQ88: 90 | AR88: cm | AS88: =IF(AQ88="","",IF(AR88="cm",AQ88,IF(AR88="inch",AQ88*2.54,""))) -> 90
A89: 88 | D89: 1 | E89: 63 | F89: =IF(E89="","",IF(E89<70,0,1)) -> 0 | G89: 2 | H89: 1 | I89: 2 | J89: 1 | K89: 1 | L89: 0 | M89: 0 | N89: 1 | O89: 0 | P89: 0 | Q89: 0 | R89: 0 | S89: 0 | T89: 0 | U89: 0 | V89: ไม่มีโรค | W89: 2 | X89: 2 | Y89: 2 | Z89: 2 | AA89: 2 | AB89: 2 | AC89: 2 | AD89: 2 | AE89: 4 | AF89: 2 | AG89: 0 | AH89: 0 | AI89: 2 | AJ89: 2 | AK89: 2 | AL89: 2 | AM89: 2 | AN89: =IF(COUNTA(AB89:AD89)=0,"",SUM(AB89:AD89)) -> 6 | AO89: 10 | AP89: 6 | AQ89: 83 | AR89: cm | AS89: =IF(AQ89="","",IF(AR89="cm",AQ89,IF(AR89="inch",AQ89*2.54,""))) -> 83
A90: 89 | D90: 1 | E90: 67 | F90: =IF(E90="","",IF(E90<70,0,1)) -> 0 | G90: 1 | H90: 1 | I90: 2 | J90: 1 | K90: 1 | L90: 0 | M90: 0 | N90: 0 | O90: 0 | P90: 0 | Q90: 0 | R90: 0 | S90: 0 | T90: 0 | U90: 0 | V90: ไม่มีโรค | W90: 2 | X90: 2 | Y90: 2 | Z90: 2 | AA90: 2 | AB90: 2 | AC90: 2 | AD90: 2 | AE90: 4 | AF90: 2 | AG90: 0 | AH90: 2 | AI90: 2 | AJ90: 0 | AK90: 2 | AL90: 2 | AM90: 0 | AN90: =IF(COUNTA(AB90:AD90)=0,"",SUM(AB90:AD90)) -> 6 | AO90: 10 | AP90: 4 | AQ90: 89 | AR90: cm | AS90: =IF(AQ90="","",IF(AR90="cm",AQ90,IF(AR90="inch",AQ90*2.54,""))) -> 89
A91: 90 | D91: 1 | E91: 62 | F91: =IF(E91="","",IF(E91<70,0,1)) -> 0 | G91: 1 | H91: 3 | I91: 2 | J91: 1 | K91: 1 | L91: 0 | M91: 0 | N91: 0 | O91: 1 | P91: 0 | Q91: 1 | R91: 1 | S91: 0 | T91: 0 | U91: 1 | V91: โรคหัวใจ | W91: 4 | X91: 0 | Y91: 0 | Z91: 2 | AA91: 4 | AB91: 2 | AC91: 0 | AD91: 2 | AE91: 0 | AF91: 2 | AG91: 0 | AH91: 0 | AI91: 2 | AJ91: 2 | AK91: 2 | AL91: 2 | AM91: 2 | AN91: =IF(COUNTA(AB91:AD91)=0,"",SUM(AB91:AD91)) -> 4 | AO91: 6 | AP91: 6 | AQ91: 102 | AR91: cm | AS91: =IF(AQ91="","",IF(AR91="cm",AQ91,IF(AR91="inch",AQ91*2.54,""))) -> 102
A92: 91 | D92: 1 | E92: 63 | F92: =IF(E92="","",IF(E92<70,0,1)) -> 0 | G92: 2 | H92: 2 | I92: 2 | J92: 1 | K92: 1 | L92: 0 | M92: 0 | N92: 0 | O92: 0 | P92: 1 | Q92: 1 | R92: 0 | S92: 0 | T92: 0 | U92: 0 | W92: 4 | X92: 0 | Y92: 2 | Z92: 2 | AA92: 4 | AB92: 2 | AC92: 2 | AD92: 2 | AE92: 0 | AF92: 4 | AG92: 2 | AH92: 2 | AI92: 2 | AJ92: 2 | AK92: 2 | AL92: 2 | AM92: 0 | AN92: =IF(COUNTA(AB92:AD92)=0,"",SUM(AB92:AD92)) -> 6 | AO92: 12 | AP92: 4 | AQ92: 99 | AR92: cm | AS92: =IF(AQ92="","",IF(AR92="cm",AQ92,IF(AR92="inch",AQ92*2.54,""))) -> 99
A93: 92 | D93: 1 | E93: 60 | F93: =IF(E93="","",IF(E93<70,0,1)) -> 0 | G93: 1 | H93: 3 | I93: 2 | J93: 1 | K93: 1 | L93: 0 | M93: 0 | N93: 0 | O93: 0 | P93: 1 | Q93: 1 | R93: 0 | S93: 0 | T93: 0 | U93: 0 | W93: 2 | X93: 2 | Y93: 2 | Z93: 2 | AA93: 4 | AB93: 2 | AC93: 0 | AD93: 2 | AE93: 0 | AF93: 2 | AG93: 0 | AH93: 2 | AI93: 2 | AJ93: 0 | AK93: 4 | AL93: 2 | AM93: 0 | AN93: =IF(COUNTA(AB93:AD93)=0,"",SUM(AB93:AD93)) -> 4 | AO93: 6 | AP93: 6 | AQ93: 103 | AR93: cm | AS93: =IF(AQ93="","",IF(AR93="cm",AQ93,IF(AR93="inch",AQ93*2.54,""))) -> 103
A94: 93 | D94: 1 | E94: 67 | F94: =IF(E94="","",IF(E94<70,0,1)) -> 0 | G94: 1 | H94: 1 | I94: 2 | J94: 1 | K94: 1 | L94: 0 | M94: 0 | N94: 0 | O94: 0 | P94: 0 | Q94: 1 | R94: 1 | S94: 0 | T94: 0 | U94: 1 | V94: เส้นเลือดตีบ | W94: 2 | X94: 2 | Y94: 2 | Z94: 2 | AA94: 4 | AB94: 2 | AC94: 2 | AD94: 2 | AE94: 0 | AF94: 2 | AG94: 0 | AH94: 2 | AI94: 2 | AJ94: 0 | AK94: 2 | AL94: 4 | AM94: 4 | AN94: =IF(COUNTA(AB94:AD94)=0,"",SUM(AB94:AD94)) -> 6 | AO94: 6 | AP94: 10 | AQ94: 98 | AR94: cm | AS94: =IF(AQ94="","",IF(AR94="cm",AQ94,IF(AR94="inch",AQ94*2.54,""))) -> 98
A95: 94 | D95: 1 | E95: 74 | F95: =IF(E95="","",IF(E95<70,0,1)) -> 1 | G95: 2 | H95: 2 | I95: 1 | J95: 1 | K95: 1 | L95: 0 | M95: 0 | N95: 0 | O95: 0 | P95: 0 | Q95: 0 | R95: 0 | S95: 0 | T95: 0 | U95: 1 | V95: หัวใจ | W95: 1 | X95: 2 | Y95: 2 | Z95: 2 | AA95: 4 | AB95: 2 | AC95: 2 | AD95: 2 | AE95: 0 | AF95: 2 | AG95: 2 | AH95: 2 | AI95: 2 | AJ95: 2 | AK95: 2 | AL95: 2 | AM95: 0 | AN95: =IF(COUNTA(AB95:AD95)=0,"",SUM(AB95:AD95)) -> 6 | AO95: 10 | AP95: 4 | AQ95: 70.5 | AR95: cm | AS95: =IF(AQ95="","",IF(AR95="cm",AQ95,IF(AR95="inch",AQ95*2.54,""))) -> 70.5
A96: 95 | D96: 1 | E96: 73 | F96: =IF(E96="","",IF(E96<70,0,1)) -> 1 | G96: 2 | H96: 2 | I96: 3 | J96: 1 | K96: 1 | L96: 0 | M96: 0 | N96: 0 | O96: 0 | P96: 1 | Q96: 0 | R96: 0 | S96: 0 | T96: 0 | U96: 0 | W96: 4 | X96: 2 | Y96: 2 | Z96: 2 | AA96: 4 | AB96: 2 | AC96: 2 | AD96: 2 | AE96: 0 | AF96: 0 | AG96: 2 | AH96: 0 | AI96: 2 | AJ96: 2 | AK96: 2 | AL96: 2 | AM96: 0 | AN96: =IF(COUNTA(AB96:AD96)=0,"",SUM(AB96:AD96)) -> 6 | AO96: 6 | AP96: 4 | AQ96: 70.5 | AR96: cm | AS96: =IF(AQ96="","",IF(AR96="cm",AQ96,IF(AR96="inch",AQ96*2.54,""))) -> 70.5
A97: 96 | D97: 1 | E97: 72 | F97: =IF(E97="","",IF(E97<70,0,1)) -> 1 | G97: 2 | H97: 2 | I97: 3 | J97: 1 | K97: 1 | L97: 0 | M97: 0 | N97: 0 | O97: 0 | P97: 0 | Q97: 0 | R97: 1 | S97: 0 | T97: 0 | U97: 0 | W97: 1 | X97: 2 | Y97: 4 | Z97: 2 | AA97: 4 | AB97: 2 | AC97: 2 | AD97: 2 | AE97: 0 | AF97: 0 | AG97: 0 | AH97: 0 | AI97: 2 | AJ97: 0 | AK97: 2 | AL97: 2 | AM97: 0 | AN97: =IF(COUNTA(AB97:AD97)=0,"",SUM(AB97:AD97)) -> 6 | AO97: 2 | AP97: 4 | AQ97: 68 | AR97: cm | AS97: =IF(AQ97="","",IF(AR97="cm",AQ97,IF(AR97="inch",AQ97*2.54,""))) -> 68
A98: 97 | D98: 1 | E98: 71 | F98: =IF(E98="","",IF(E98<70,0,1)) -> 1 | G98: 2 | H98: 2 | I98: 1 | J98: 2 | K98: 0 | L98: 1 | M98: 0 | N98: 0 | O98: 0 | P98: 0 | Q98: 1 | R98: 0 | S98: 0 | T98: 0 | U98: 0 | W98: 4 | X98: 2 | Y98: 2 | Z98: 2 | AA98: 4 | AB98: 2 | AC98: 2 | AD98: 2 | AE98: 0 | AF98: 0 | AG98: 0 | AH98: 0 | AI98: 2 | AJ98: 0 | AK98: 2 | AL98: 2 | AM98: 0 | AN98: =IF(COUNTA(AB98:AD98)=0,"",SUM(AB98:AD98)) -> 6 | AO98: 2 | AP98: 4 | AQ98: 86 | AR98: cm | AS98: =IF(AQ98="","",IF(AR98="cm",AQ98,IF(AR98="inch",AQ98*2.54,""))) -> 86
A99: 98 | D99: 1 | E99: 73 | F99: =IF(E99="","",IF(E99<70,0,1)) -> 1 | G99: 2 | H99: 2 | I99: 3 | J99: 1 | K99: 1 | L99: 0 | M99: 0 | N99: 1 | O99: 0 | P99: 1 | Q99: 1 | R99: 1 | S99: 0 | T99: 0 | U99: 0 | V99: หัวใจเต้นผิดจังหวะ ไม่ใส่เครื่อง Pacemaker | W99: 4 | X99: 4 | Y99: 2 | Z99: 2 | AA99: 4 | AB99: 2 | AC99: 2 | AD99: 2 | AE99: 0 | AF99: 0 | AG99: 2 | AH99: 0 | AI99: 0 | AJ99: 2 | AK99: 2 | AL99: 2 | AM99: 0 | AN99: =IF(COUNTA(AB99:AD99)=0,"",SUM(AB99:AD99)) -> 6 | AO99: 4 | AP99: 4 | AQ99: 90 | AR99: cm | AS99: =IF(AQ99="","",IF(AR99="cm",AQ99,IF(AR99="inch",AQ99*2.54,""))) -> 90
A100: 99 | D100: 1 | E100: 70 | F100: =IF(E100="","",IF(E100<70,0,1)) -> 1 | G100: 2 | H100: 1 | I100: 3 | J100: 1 | K100: 1 | L100: 0 | M100: 0 | N100: 1 | O100: 0 | P100: 0 | Q100: 1 | R100: 0 | S100: 0 | T100: 0 | U100: 0 | W100: 1 | X100: 2 | Y100: 2 | Z100: 2 | AA100: 4 | AB100: 2 | AC100: 0 | AD100: 2 | AE100: 0 | AF100: 0 | AG100: 0 | AH100: 0 | AI100: 2 | AJ100: 2 | AK100: 2 | AL100: 4 | AM100: 4 | AN100: =IF(COUNTA(AB100:AD100)=0,"",SUM(AB100:AD100)) -> 4 | AO100: 4 | AP100: 10 | AQ100: 81 | AR100: cm | AS100: =IF(AQ100="","",IF(AR100="cm",AQ100,IF(AR100="inch",AQ100*2.54,""))) -> 81
...

Sheet Prediction
A1: record_id | B1: assessment_id | C1: assessment_date | D1: age_group01 | E1: D2_total | F1: D3_total | G1: wc_cm | H1: L_Over | I1: L_Normal | J1: EXP_over | K1: EXP_normal | L1: Denom | M1: P_Under | N1: P_Over | O1: P_Normal | P1: predicted_group
A2: =IF(Participant_Data!A2="","",Participant_Data!A2) -> 1 | B2: =IF(Participant_Data!B2="","",Participant_Data!B2) | C2: =IF(Participant_Data!C2="","",Participant_Data!C2) | D2: =IF(Participant_Data!F2="","",Participant_Data!F2) -> 0 | E2: =IF(Participant_Data!AO2="","",Participant_Data!AO2) -> 8 | F2: =IF(Participant_Data!AP2="","",Participant_Data!AP2) -> 4 | G2: =IF(Participant_Data!AS2="","",Participant_Data!AS2) -> 97 | H2: =IF(OR(D2="",E2="",F2="",G2=""),"", -23.625 + 0.019*E2 - 0.377*F2 + 0.349*G2 - 2.336*D2) -> 8.872 | I2: =IF(OR(D2="",E2="",F2="",G2=""),"", -9.655 + 0.039*E2 - 0.507*F2 + 0.189*G2 - 2.489*D2) -> 6.962 | J2: =IF(H2="","",EXP(H2)) -> 7129.5258 | K2: =IF(I2="","",EXP(I2)) -> 1055.7429 | L2: =IF(OR(J2="",K2=""),"",1+J2+K2) -> 8186.2687 | M2: =IF(L2="","",1/L2) -> 0.00012215578 | N2: =IF(L2="","",J2/L2) -> 0.87091275 | O2: =IF(L2="","",K2/L2) -> 0.1289651 | P2: =IF(OR(M2="",N2="",O2=""),"",IF(M2=MAX(M2:O2),"Under",IF(N2=MAX(M2:O2),"Over","Normal"))) -> Over
A3: =IF(Participant_Data!A3="","",Participant_Data!A3) -> 2 | B3: =IF(Participant_Data!B3="","",Participant_Data!B3) | C3: =IF(Participant_Data!C3="","",Participant_Data!C3) | D3: =IF(Participant_Data!F3="","",Participant_Data!F3) -> 0 | E3: =IF(Participant_Data!AO3="","",Participant_Data!AO3) -> 12 | F3: =IF(Participant_Data!AP3="","",Participant_Data!AP3) -> 4 | G3: =IF(Participant_Data!AS3="","",Participant_Data!AS3) -> 72 | H3: =IF(OR(D3="",E3="",F3="",G3=""),"", -23.625 + 0.019*E3 - 0.377*F3 + 0.349*G3 - 2.336*D3) -> 0.223 | I3: =IF(OR(D3="",E3="",F3="",G3=""),"", -9.655 + 0.039*E3 - 0.507*F3 + 0.189*G3 - 2.489*D3) -> 2.393 | J3: =IF(H3="","",EXP(H3)) -> 1.2498206 | K3: =IF(I3="","",EXP(I3)) -> 10.946284 | L3: =IF(OR(J3="",K3=""),"",1+J3+K3) -> 13.196104 | M3: =IF(L3="","",1/L3) -> 0.075779941 | N3: =IF(L3="","",J3/L3) -> 0.09471133 | O3: =IF(L3="","",K3/L3) -> 0.82950873 | P3: =IF(OR(M3="",N3="",O3=""),"",IF(M3=MAX(M3:O3),"Under",IF(N3=MAX(M3:O3),"Over","Normal"))) -> Normal
A4: =IF(Participant_Data!A4="","",Participant_Data!A4) -> 3 | B4: =IF(Participant_Data!B4="","",Participant_Data!B4) | C4: =IF(Participant_Data!C4="","",Participant_Data!C4) | D4: =IF(Participant_Data!F4="","",Participant_Data!F4) -> 0 | E4: =IF(Participant_Data!AO4="","",Participant_Data!AO4) -> 4 | F4: =IF(Participant_Data!AP4="","",Participant_Data!AP4) -> 6 | G4: =IF(Participant_Data!AS4="","",Participant_Data!AS4) -> 68 | H4: =IF(OR(D4="",E4="",F4="",G4=""),"", -23.625 + 0.019*E4 - 0.377*F4 + 0.349*G4 - 2.336*D4) -> -2.079 | I4: =IF(OR(D4="",E4="",F4="",G4=""),"", -9.655 + 0.039*E4 - 0.507*F4 + 0.189*G4 - 2.489*D4) -> 0.311 | J4: =IF(H4="","",EXP(H4)) -> 0.1250552 | K4: =IF(I4="","",EXP(I4)) -> 1.3647892 | L4: =IF(OR(J4="",K4=""),"",1+J4+K4) -> 2.4898444 | M4: =IF(L4="","",1/L4) -> 0.40163152 | N4: =IF(L4="","",J4/L4) -> 0.050226112 | O4: =IF(L4="","",K4/L4) -> 0.54814237 | P4: =IF(OR(M4="",N4="",O4=""),"",IF(M4=MAX(M4:O4),"Under",IF(N4=MAX(M4:O4),"Over","Normal"))) -> Normal
A5: =IF(Participant_Data!A5="","",Participant_Data!A5) -> 4 | B5: =IF(Participant_Data!B5="","",Participant_Data!B5) | C5: =IF(Participant_Data!C5="","",Participant_Data!C5) | D5: =IF(Participant_Data!F5="","",Participant_Data!F5) -> 0 | E5: =IF(Participant_Data!AO5="","",Participant_Data!AO5) -> 4 | F5: =IF(Participant_Data!AP5="","",Participant_Data!AP5) -> 6 | G5: =IF(Participant_Data!AS5="","",Participant_Data!AS5) -> 59 | H5: =IF(OR(D5="",E5="",F5="",G5=""),"", -23.625 + 0.019*E5 - 0.377*F5 + 0.349*G5 - 2.336*D5) -> -5.22 | I5: =IF(OR(D5="",E5="",F5="",G5=""),"", -9.655 + 0.039*E5 - 0.507*F5 + 0.189*G5 - 2.489*D5) -> -1.39 | J5: =IF(H5="","",EXP(H5)) -> 0.0054073291 | K5: =IF(I5="","",EXP(I5)) -> 0.2490753 | L5: =IF(OR(J5="",K5=""),"",1+J5+K5) -> 1.2544826 | M5: =IF(L5="","",1/L5) -> 0.79714137 | N5: =IF(L5="","",J5/L5) -> 0.0043104057 | O5: =IF(L5="","",K5/L5) -> 0.19854823 | P5: =IF(OR(M5="",N5="",O5=""),"",IF(M5=MAX(M5:O5),"Under",IF(N5=MAX(M5:O5),"Over","Normal"))) -> Under
A6: =IF(Participant_Data!A6="","",Participant_Data!A6) -> 5 | B6: =IF(Participant_Data!B6="","",Participant_Data!B6) | C6: =IF(Participant_Data!C6="","",Participant_Data!C6) | D6: =IF(Participant_Data!F6="","",Participant_Data!F6) -> 0 | E6: =IF(Participant_Data!AO6="","",Participant_Data!AO6) -> 8 | F6: =IF(Participant_Data!AP6="","",Participant_Data!AP6) -> 4 | G6: =IF(Participant_Data!AS6="","",Participant_Data!AS6) -> 88 | H6: =IF(OR(D6="",E6="",F6="",G6=""),"", -23.625 + 0.019*E6 - 0.377*F6 + 0.349*G6 - 2.336*D6) -> 5.731 | I6: =IF(OR(D6="",E6="",F6="",G6=""),"", -9.655 + 0.039*E6 - 0.507*F6 + 0.189*G6 - 2.489*D6) -> 5.261 | J6: =IF(H6="","",EXP(H6)) -> 308.27739 | K6: =IF(I6="","",EXP(I6)) -> 192.67407 | L6: =IF(OR(J6="",K6=""),"",1+J6+K6) -> 501.95146 | M6: =IF(L6="","",1/L6) -> 0.0019922245 | N6: =IF(L6="","",J6/L6) -> 0.61415777 | O6: =IF(L6="","",K6/L6) -> 0.38385 | P6: =IF(OR(M6="",N6="",O6=""),"",IF(M6=MAX(M6:O6),"Under",IF(N6=MAX(M6:O6),"Over","Normal"))) -> Over
A7: =IF(Participant_Data!A7="","",Participant_Data!A7) -> 6 | B7: =IF(Participant_Data!B7="","",Participant_Data!B7) | C7: =IF(Participant_Data!C7="","",Participant_Data!C7) | D7: =IF(Participant_Data!F7="","",Participant_Data!F7) -> 0 | E7: =IF(Participant_Data!AO7="","",Participant_Data!AO7) -> 2 | F7: =IF(Participant_Data!AP7="","",Participant_Data!AP7) -> 4 | G7: =IF(Participant_Data!AS7="","",Participant_Data!AS7) -> 77 | H7: =IF(OR(D7="",E7="",F7="",G7=""),"", -23.625 + 0.019*E7 - 0.377*F7 + 0.349*G7 - 2.336*D7) -> 1.778 | I7: =IF(OR(D7="",E7="",F7="",G7=""),"", -9.655 + 0.039*E7 - 0.507*F7 + 0.189*G7 - 2.489*D7) -> 2.948 | J7: =IF(H7="","",EXP(H7)) -> 5.9180086 | K7: =IF(I7="","",EXP(I7)) -> 19.06778 | L7: =IF(OR(J7="",K7=""),"",1+J7+K7) -> 25.985789 | M7: =IF(L7="","",1/L7) -> 0.038482573 | N7: =IF(L7="","",J7/L7) -> 0.2277402 | O7: =IF(L7="","",K7/L7) -> 0.73377723 | P7: =IF(OR(M7="",N7="",O7=""),"",IF(M7=MAX(M7:O7),"Under",IF(N7=MAX(M7:O7),"Over","Normal"))) -> Normal
A8: =IF(Participant_Data!A8="","",Participant_Data!A8) -> 7 | B8: =IF(Participant_Data!B8="","",Participant_Data!B8) | C8: =IF(Participant_Data!C8="","",Participant_Data!C8) | D8: =IF(Participant_Data!F8="","",Participant_Data!F8) -> 0 | E8: =IF(Participant_Data!AO8="","",Participant_Data!AO8) -> 6 | F8: =IF(Participant_Data!AP8="","",Participant_Data!AP8) -> 4 | G8: =IF(Participant_Data!AS8="","",Participant_Data!AS8) -> 94.5 | H8: =IF(OR(D8="",E8="",F8="",G8=""),"", -23.625 + 0.019*E8 - 0.377*F8 + 0.349*G8 - 2.336*D8) -> 7.9615 | I8: =IF(OR(D8="",E8="",F8="",G8=""),"", -9.655 + 0.039*E8 - 0.507*F8 + 0.189*G8 - 2.489*D8) -> 6.4115 | J8: =IF(H8="","",EXP(H8)) -> 2868.3723 | K8: =IF(I8="","",EXP(I8)) -> 608.80621 | L8: =IF(OR(J8="",K8=""),"",1+J8+K8) -> 3478.1785 | M8: =IF(L8="","",1/L8) -> 0.00028750681 | N8: =IF(L8="","",J8/L8) -> 0.82467656 | O8: =IF(L8="","",K8/L8) -> 0.17503593 | P8: =IF(OR(M8="",N8="",O8=""),"",IF(M8=MAX(M8:O8),"Under",IF(N8=MAX(M8:O8),"Over","Normal"))) -> Over
A9: =IF(Participant_Data!A9="","",Participant_Data!A9) -> 8 | B9: =IF(Participant_Data!B9="","",Participant_Data!B9) | C9: =IF(Participant_Data!C9="","",Participant_Data!C9) | D9: =IF(Participant_Data!F9="","",Participant_Data!F9) -> 0 | E9: =IF(Participant_Data!AO9="","",Participant_Data!AO9) -> 4 | F9: =IF(Participant_Data!AP9="","",Participant_Data!AP9) -> 6 | G9: =IF(Participant_Data!AS9="","",Participant_Data!AS9) -> 95.5 | H9: =IF(OR(D9="",E9="",F9="",G9=""),"", -23.625 + 0.019*E9 - 0.377*F9 + 0.349*G9 - 2.336*D9) -> 7.5185 | I9: =IF(OR(D9="",E9="",F9="",G9=""),"", -9.655 + 0.039*E9 - 0.507*F9 + 0.189*G9 - 2.489*D9) -> 5.5085 | J9: =IF(H9="","",EXP(H9)) -> 1841.8025 | K9: =IF(I9="","",EXP(I9)) -> 246.78068 | L9: =IF(OR(J9="",K9=""),"",1+J9+K9) -> 2089.5832 | M9: =IF(L9="","",1/L9) -> 0.00047856434 | N9: =IF(L9="","",J9/L9) -> 0.881421 | O9: =IF(L9="","",K9/L9) -> 0.11810043 | P9: =IF(OR(M9="",N9="",O9=""),"",IF(M9=MAX(M9:O9),"Under",IF(N9=MAX(M9:O9),"Over","Normal"))) -> Over
A10: =IF(Participant_Data!A10="","",Participant_Data!A10) -> 9 | B10: =IF(Participant_Data!B10="","",Participant_Data!B10) | C10: =IF(Participant_Data!C10="","",Participant_Data!C10) | D10: =IF(Participant_Data!F10="","",Participant_Data!F10) -> 0 | E10: =IF(Participant_Data!AO10="","",Participant_Data!AO10) -> 8 | F10: =IF(Participant_Data!AP10="","",Participant_Data!AP10) -> 4 | G10: =IF(Participant_Data!AS10="","",Participant_Data!AS10) -> 80 | H10: =IF(OR(D10="",E10="",F10="",G10=""),"", -23.625 + 0.019*E10 - 0.377*F10 + 0.349*G10 - 2.336*D10) -> 2.939 | I10: =IF(OR(D10="",E10="",F10="",G10=""),"", -9.655 + 0.039*E10 - 0.507*F10 + 0.189*G10 - 2.489*D10) -> 3.749 | J10: =IF(H10="","",EXP(H10)) -> 18.89694 | K10: =IF(I10="","",EXP(I10)) -> 42.478582 | L10: =IF(OR(J10="",K10=""),"",1+J10+K10) -> 62.375522 | M10: =IF(L10="","",1/L10) -> 0.01603193 | N10: =IF(L10="","",J10/L10) -> 0.30295442 | O10: =IF(L10="","",K10/L10) -> 0.68101365 | P10: =IF(OR(M10="",N10="",O10=""),"",IF(M10=MAX(M10:O10),"Under",IF(N10=MAX(M10:O10),"Over","Normal"))) -> Normal
A11: =IF(Participant_Data!A11="","",Participant_Data!A11) -> 10 | B11: =IF(Participant_Data!B11="","",Participant_Data!B11) | C11: =IF(Participant_Data!C11="","",Participant_Data!C11) | D11: =IF(Participant_Data!F11="","",Participant_Data!F11) -> 0 | E11: =IF(Participant_Data!AO11="","",Participant_Data!AO11) -> 4 | F11: =IF(Participant_Data!AP11="","",Participant_Data!AP11) -> 4 | G11: =IF(Participant_Data!AS11="","",Participant_Data!AS11) -> 79.5 | H11: =IF(OR(D11="",E11="",F11="",G11=""),"", -23.625 + 0.019*E11 - 0.377*F11 + 0.349*G11 - 2.336*D11) -> 2.6885 | I11: =IF(OR(D11="",E11="",F11="",G11=""),"", -9.655 + 0.039*E11 - 0.507*F11 + 0.189*G11 - 2.489*D11) -> 3.4985 | J11: =IF(H11="","",EXP(H11)) -> 14.709595 | K11: =IF(I11="","",EXP(I11)) -> 33.065816 | L11: =IF(OR(J11="",K11=""),"",1+J11+K11) -> 48.775411 | M11: =IF(L11="","",1/L11) -> 0.020502134 | N11: =IF(L11="","",J11/L11) -> 0.30157808 | O11: =IF(L11="","",K11/L11) -> 0.67791978 | P11: =IF(OR(M11="",N11="",O11=""),"",IF(M11=MAX(M11:O11),"Under",IF(N11=MAX(M11:O11),"Over","Normal"))) -> Normal
A12: =IF(Participant_Data!A12="","",Participant_Data!A12) -> 11 | B12: =IF(Participant_Data!B12="","",Participant_Data!B12) | C12: =IF(Participant_Data!C12="","",Participant_Data!C12) | D12: =IF(Participant_Data!F12="","",Participant_Data!F12) -> 0 | E12: =IF(Participant_Data!AO12="","",Participant_Data!AO12) -> 8 | F12: =IF(Participant_Data!AP12="","",Participant_Data!AP12) -> 4 | G12: =IF(Participant_Data!AS12="","",Participant_Data!AS12) -> 84 | H12: =IF(OR(D12="",E12="",F12="",G12=""),"", -23.625 + 0.019*E12 - 0.377*F12 + 0.349*G12 - 2.336*D12) -> 4.335 | I12: =IF(OR(D12="",E12="",F12="",G12=""),"", -9.655 + 0.039*E12 - 0.507*F12 + 0.189*G12 - 2.489*D12) -> 4.505 | J12: =IF(H12="","",EXP(H12)) -> 76.324959 | K12: =IF(I12="","",EXP(I12)) -> 90.468344 | L12: =IF(OR(J12="",K12=""),"",1+J12+K12) -> 167.7933 | M12: =IF(L12="","",1/L12) -> 0.0059597134 | N12: =IF(L12="","",J12/L12) -> 0.45487488 | O12: =IF(L12="","",K12/L12) -> 0.5391654 | P12: =IF(OR(M12="",N12="",O12=""),"",IF(M12=MAX(M12:O12),"Under",IF(N12=MAX(M12:O12),"Over","Normal"))) -> Normal
A13: =IF(Participant_Data!A13="","",Participant_Data!A13) -> 12 | B13: =IF(Participant_Data!B13="","",Participant_Data!B13) | C13: =IF(Participant_Data!C13="","",Participant_Data!C13) | D13: =IF(Participant_Data!F13="","",Participant_Data!F13) -> 0 | E13: =IF(Participant_Data!AO13="","",Participant_Data!AO13) -> 10 | F13: =IF(Participant_Data!AP13="","",Participant_Data!AP13) -> 4 | G13: =IF(Participant_Data!AS13="","",Participant_Data!AS13) -> 83 | H13: =IF(OR(D13="",E13="",F13="",G13=""),"", -23.625 + 0.019*E13 - 0.377*F13 + 0.349*G13 - 2.336*D13) -> 4.024 | I13: =IF(OR(D13="",E13="",F13="",G13=""),"", -9.655 + 0.039*E13 - 0.507*F13 + 0.189*G13 - 2.489*D13) -> 4.394 | J13: =IF(H13="","",EXP(H13)) -> 55.924356 | K13: =IF(I13="","",EXP(I13)) -> 80.963627 | L13: =IF(OR(J13="",K13=""),"",1+J13+K13) -> 137.88798 | M13: =IF(L13="","",1/L13) -> 0.0072522636 | N13: =IF(L13="","",J13/L13) -> 0.40557817 | O13: =IF(L13="","",K13/L13) -> 0.58716956 | P13: =IF(OR(M13="",N13="",O13=""),"",IF(M13=MAX(M13:O13),"Under",IF(N13=MAX(M13:O13),"Over","Normal"))) -> Normal
... A301: =IF(Participant_Data!A301="","",Participant_Data!A301) -> 300 | B301: =IF(Participant_Data!B301="","",Participant_Data!B301) | C301: =IF(Participant_Data!C301="","",Participant_Data!C301) | D301: =IF(Participant_Data!F301="","",Participant_Data!F301) | E301: =IF(Participant_Data!AO301="","",Participant_Data!AO301) | F301: =IF(Participant_Data!AP301="","",Participant_Data!AP301) | G301: =IF(Participant_Data!AS301="","",Participant_Data!AS301) | H301: =IF(OR(D301="",E301="",F301="",G301=""),"", -23.625 + 0.019*E301 - 0.377*F301 + 0.349*G301 - 2.336*D301) | I301: =IF(OR(D301="",E301="",F301="",G301=""),"", -9.655 + 0.039*E301 - 0.507*F301 + 0.189*G301 - 2.489*D301) | J301: =IF(H301="","",EXP(H301)) | K301: =IF(I301="","",EXP(I301)) | L301: =IF(OR(J301="",K301=""),"",1+J301+K301) | M301: =IF(L301="","",1/L301) | N301: =IF(L301="","",J301/L301) | O301: =IF(L301="","",K301/L301) | P301: =IF(OR(M301="",N301="",O301=""),"",IF(M301=MAX(M301:O301),"Under",IF(N301=MAX(M301:O301),"Over","Normal")))

Sheet BIA_MNA_Staff
A1: record_id | B1: assessment_id | C1: assessment_date | D1: staff_id | E1: height_cm | F1: weight_kg | G1: bmi | H1: fat_mass_kg | I1: pbf | J1: vfat_level | K1: muscle_mass_kg | L1: bone_mass_kg | M1: tbw | N1: bmr_kcal | O1: mna_s1 | P1: mna_s2 | Q1: mna_s3 | R1: mna_s4 | S1: mna_s5 | T1: mna_s6 | U1: mna_screen_total | V1: mna_screen_cat | W1: mna_a1 | X1: mna_a2 | Y1: mna_a3 | Z1: mna_a4 | AA1: mna_a5 | AB1: mna_a6 | AC1: mna_a7 | AD1: mna_a8 | AE1: mna_a9 | AF1: mna_a10 | AG1: mna_a11 | AH1: mna_a12 | AI1: mna_ass_total | AJ1: mna_total | AK1: mna_total_cat | AL1: MAC | AM1: CC | AN1: bmi_class_glim | AO1: pbf_class | AP1: nutri_ref_class
A2: =IF(Participant_Data!A2="","",Participant_Data!A2) -> 1 | B2: =IF(Participant_Data!B2="","",Participant_Data!B2) | C2: =IF(Participant_Data!C2="","",Participant_Data!C2) | E2: 165 | F2: 75.05 | G2: =IF(OR(E2="",F2=""),"",F2/((E2/100)^2)) -> 27.566575 | H2: 19.14 | I2: 22.5 | J2: 16.5 | K2: 53.05 | L2: 2.9 | M2: 53.2 | N2: 1535 | O2: 2 | P2: 3 | Q2: 2 | R2: 2 | S2: 2 | T2: 3 | U2: 14 | V2: 1 | W2: 1 | X2: 0 | Y2: 1 | Z2: 2 | AA2: 1 | AB2: 1 | AC2: 1 | AD2: 2 | AE2: 2 | AF2: 1 | AG2: 1 | AH2: 1 | AI2: 14 | AJ2: 28 | AK2: 1 | AL2: 34 | AM2: 39 | AN2: =IF(OR(G2="",Participant_Data!E2=""),"",IF(Participant_Data!E2<70,IF(ROUND(G2,1)<18.5,"ขาด/เสี่ยงขาด",IF(ROUND(G2,1)>=25,"เสี่ยงเกิน/เกิน","ปกติ")),IF(ROUND(G2,1)<20,"ขาด/เสี่ยงขาด",IF(ROUND(G2,1)>=25,"เสี่ยงเกิน/เกิน","ปกติ")))) -> เสี่ยงเกิน/เกิน | AO2: =IF(OR(I2="",Participant_Data!G2=""),"",IF(Participant_Data!G2=1,IF(ROUND(I2,1)<15,"ขาด/เสี่ยงขาด",IF(ROUND(I2,1)>25,"เสี่ยงเกิน/เกิน","ปกติ")),IF(ROUND(I2,1)<20,"ขาด/เสี่ยงขาด",IF(ROUND(I2,1)>35,"เสี่ยงเกิน/เกิน","ปกติ")))) -> ปกติ | AP2: =IF(OR(AN2="",AO2=""),"",IF(OR(AN2="ขาด/เสี่ยงขาด",AO2="ขาด/เสี่ยงขาด"),"ขาด/เสี่ยงขาด",IF(OR(AN2="เสี่ยงเกิน/เกิน",AO2="เสี่ยงเกิน/เกิน"),"เสี่ยงเกิน/เกิน","ปกติ"))) -> เสี่ยงเกิน/เกิน
A3: =IF(Participant_Data!A3="","",Participant_Data!A3) -> 2 | B3: =IF(Participant_Data!B3="","",Participant_Data!B3) | C3: =IF(Participant_Data!C3="","",Participant_Data!C3) | E3: 146 | F3: 51.1 | G3: =IF(OR(E3="",F3=""),"",F3/((E3/100)^2)) -> 23.972603 | H3: 16.61 | I3: 32.5 | J3: 7.5 | K3: 32.65 | L3: 1.9 | M3: 51.7 | N3: 996 | O3: 2 | P3: 3 | Q3: 2 | R3: 2 | S3: 1 | T3: 3 | U3: 13 | V3: 1 | W3: 1 | X3: 1 | Y3: 1 | Z3: 2 | AA3: 0.5 | AB3: 1 | AC3: 1 | AD3: 2 | AE3: 1 | AF3: 1 | AG3: 1 | AH3: 1 | AI3: 13.5 | AJ3: 26.5 | AK3: 1 | AL3: 27.5 | AM3: 36.5 | AN3: =IF(OR(G3="",Participant_Data!E3=""),"",IF(Participant_Data!E3<70,IF(ROUND(G3,1)<18.5,"ขาด/เสี่ยงขาด",IF(ROUND(G3,1)>=25,"เสี่ยงเกิน/เกิน","ปกติ")),IF(ROUND(G3,1)<20,"ขาด/เสี่ยงขาด",IF(ROUND(G3,1)>=25,"เสี่ยงเกิน/เกิน","ปกติ")))) -> ปกติ | AO3: =IF(OR(I3="",Participant_Data!G3=""),"",IF(Participant_Data!G3=1,IF(ROUND(I3,1)<15,"ขาด/เสี่ยงขาด",IF(ROUND(I3,1)>25,"เสี่ยงเกิน/เกิน","ปกติ")),IF(ROUND(I3,1)<20,"ขาด/เสี่ยงขาด",IF(ROUND(I3,1)>35,"เสี่ยงเกิน/เกิน","ปกติ")))) -> ปกติ | AP3: =IF(OR(AN3="",AO3=""),"",IF(OR(AN3="ขาด/เสี่ยงขาด",AO3="ขาด/เสี่ยงขาด"),"ขาด/เสี่ยงขาด",IF(OR(AN3="เสี่ยงเกิน/เกิน",AO3="เสี่ยงเกิน/เกิน"),"เสี่ยงเกิน/เกิน","ปกติ"))) -> ปกติ
A4: =IF(Participant_Data!A4="","",Participant_Data!A4) -> 3 | B4: =IF(Participant_Data!B4="","",Participant_Data!B4) | C4: =IF(Participant_Data!C4="","",Participant_Data!C4) | E4: 153 | F4: 42.35 | G4: =IF(OR(E4="",F4=""),"",F4/((E4/100)^2)) -> 18.091332 | H4: 11.77 | I4: 27.8 | J4: 4 | K4: 29.05 | L4: 1.5 | M4: 48.1 | N4: 872 | O4: 2 | P4: 3 | Q4: 2 | R4: 2 | S4: 2 | T4: 0 | U4: 11 | V4: 2 | W4: 1 | X4: 1 | Y4: 1 | Z4: 1 | AA4: 0 | AB4: 0 | AC4: 1 | AD4: 2 | AE4: 1 | AF4: 2 | AG4: 1 | AH4: 0 | AI4: 11 | AJ4: 22 | AK4: 2 | AL4: 25 | AM4: 30.5 | AN4: =IF(OR(G4="",Participant_Data!E4=""),"",IF(Participant_Data!E4<70,IF(ROUND(G4,1)<18.5,"ขาด/เสี่ยงขาด",IF(ROUND(G4,1)>=25,"เสี่ยงเกิน/เกิน","ปกติ")),IF(ROUND(G4,1)<20,"ขาด/เสี่ยงขาด",IF(ROUND(G4,1)>=25,"เสี่ยงเกิน/เกิน","ปกติ")))) -> ขาด/เสี่ยงขาด | AO4: =IF(OR(I4="",Participant_Data!G4=""),"",IF(Participant_Data!G4=1,IF(ROUND(I4,1)<15,"ขาด/เสี่ยงขาด",IF(ROUND(I4,1)>25,"เสี่ยงเกิน/เกิน","ปกติ")),IF(ROUND(I4,1)<20,"ขาด/เสี่ยงขาด",IF(ROUND(I4,1)>35,"เสี่ยงเกิน/เกิน","ปกติ")))) -> ปกติ | AP4: =IF(OR(AN4="",AO4=""),"",IF(OR(AN4="ขาด/เสี่ยงขาด",AO4="ขาด/เสี่ยงขาด"),"ขาด/เสี่ยงขาด",IF(OR(AN4="เสี่ยงเกิน/เกิน",AO4="เสี่ยงเกิน/เกิน"),"เสี่ยงเกิน/เกิน","ปกติ"))) -> ขาด/เสี่ยงขาด
A5: =IF(Participant_Data!A5="","",Participant_Data!A5) -> 4 | B5: =IF(Participant_Data!B5="","",Participant_Data!B5) | C5: =IF(Participant_Data!C5="","",Participant_Data!C5) | E5: 143 | F5: 30.9 | G5: =IF(OR(E5="",F5=""),"",F5/((E5/100)^2)) -> 15.110763 | H5: 3.86 | I5: 12.5 | J5: 1 | K5: 25.8 | L5: 1.2 | M5: 61.3 | N5: 744 | O5: 2 | P5: 3 | Q5: 2 | R5: 2 | S5: 2 | T5: 0 | U5: 11 | V5: 2 | W5: 1 | X5: 1 | Y5: 1 | Z5: 2 | AA5: 0.5 | AB5: 1 | AC5: 1 | AD5: 2 | AE5: 0 | AF5: 1 | AG5: 0 | AH5: 0 | AI5: 10.5 | AJ5: 21.5 | AK5: 2 | AL5: 19 | AM5: 28 | AN5: =IF(OR(G5="",Participant_Data!E5=""),"",IF(Participant_Data!E5<70,IF(ROUND(G5,1)<18.5,"ขาด/เสี่ยงขาด",IF(ROUND(G5,1)>=25,"เสี่ยงเกิน/เกิน","ปกติ")),IF(ROUND(G5,1)<20,"ขาด/เสี่ยงขาด",IF(ROUND(G5,1)>=25,"เสี่ยงเกิน/เกิน","ปกติ")))) -> ขาด/เสี่ยงขาด | AO5: =IF(OR(I5="",Participant_Data!G5=""),"",IF(Participant_Data!G5=1,IF(ROUND(I5,1)<15,"ขาด/เสี่ยงขาด",IF(ROUND(I5,1)>25,"เสี่ยงเกิน/เกิน","ปกติ")),IF(ROUND(I5,1)<20,"ขาด/เสี่ยงขาด",IF(ROUND(I5,1)>35,"เสี่ยงเกิน/เกิน","ปกติ")))) -> ขาด/เสี่ยงขาด | AP5: =IF(OR(AN5="",AO5=""),"",IF(OR(AN5="ขาด/เสี่ยงขาด",AO5="ขาด/เสี่ยงขาด"),"ขาด/เสี่ยงขาด",IF(OR(AN5="เสี่ยงเกิน/เกิน",AO5="เสี่ยงเกิน/เกิน"),"เสี่ยงเกิน/เกิน","ปกติ"))) -> ขาด/เสี่ยงขาด
A6: =IF(Participant_Data!A6="","",Participant_Data!A6) -> 5 | B6: =IF(Participant_Data!B6="","",Participant_Data!B6) | C6: =IF(Participant_Data!C6="","",Participant_Data!C6) | E6: 160 | F6: 60.05 | G6: =IF(OR(E6="",F6=""),"",F6/((E6/100)^2)) -> 23.457031 | H6: 13.27 | I6: 22.1 | J6: 6.5 | K6: 43.85 | L6: 2.9 | M6: 55.4 | N6: 1317 | O6: 2 | P6: 3 | Q6: 2 | R6: 2 | S6: 1 | T6: 3 | U6: 13 | V6: 1 | W6: 1 | X6: 1 | Y6: 1 | Z6: 1 | AA6: 1 | AB6: 1 | AC6: 1 | AD6: 2 | AE6: 2 | AF6: 1 | AG6: 1 | AH6: 1 | AI6: 14 | AJ6: 27 | AK6: 1 | AL6: 28 | AM6: 34 | AN6: =IF(OR(G6="",Participant_Data!E6=""),"",IF(Participant_Data!E6<70,IF(ROUND(G6,1)<18.5,"ขาด/เสี่ยงขาด",IF(ROUND(G6,1)>=25,"เสี่ยงเกิน/เกิน","ปกติ")),IF(ROUND(G6,1)<20,"ขาด/เสี่ยงขาด",IF(ROUND(G6,1)>=25,"เสี่ยงเกิน/เกิน","ปกติ")))) -> ปกติ | AO6: =IF(OR(I6="",Participant_Data!G6=""),"",IF(Participant_Data!G6=1,IF(ROUND(I6,1)<15,"ขาด/เสี่ยงขาด",IF(ROUND(I6,1)>25,"เสี่ยงเกิน/เกิน","ปกติ")),IF(ROUND(I6,1)<20,"ขาด/เสี่ยงขาด",IF(ROUND(I6,1)>35,"เสี่ยงเกิน/เกิน","ปกติ")))) -> ปกติ | AP6: =IF(OR(AN6="",AO6=""),"",IF(OR(AN6="ขาด/เสี่ยงขาด",AO6="ขาด/เสี่ยงขาด"),"ขาด/เสี่ยงขาด",IF(OR(AN6="เสี่ยงเกิน/เกิน",AO6="เสี่ยงเกิน/เกิน"),"เสี่ยงเกิน/เกิน","ปกติ"))) -> ปกติ
A7: =IF(Participant_Data!A7="","",Participant_Data!A7) -> 6 | B7: =IF(Participant_Data!B7="","",Participant_Data!B7) | C7: =IF(Participant_Data!C7="","",Participant_Data!C7) | E7: 153 | F7: 53.1 | G7: =IF(OR(E7="",F7=""),"",F7/((E7/100)^2)) -> 22.683583 | H7: 15.56 | I7: 29.3 | J7: 6.5 | K7: 35.45 | L7: 2.1 | M7: 50.6 | N7: 1076 | O7: 2 | P7: 3 | Q7: 2 | R7: 2 | S7: 2 | T7: 2 | U7: 13 | V7: 1 | W7: 1 | X7: 1 | Y7: 1 | Z7: 1 | AA7: 0.5 | AB7: 1 | AC7: 1 | AD7: 2 | AE7: 2 | AF7: 1 | AG7: 1 | AH7: 1 | AI7: 13.5 | AJ7: 26.5 | AK7: 1 | AL7: 28 | AM7: 35 | AN7: =IF(OR(G7="",Participant_Data!E7=""),"",IF(Participant_Data!E7<70,IF(ROUND(G7,1)<18.5,"ขาด/เสี่ยงขาด",IF(ROUND(G7,1)>=25,"เสี่ยงเกิน/เกิน","ปกติ")),IF(ROUND(G7,1)<20,"ขาด/เสี่ยงขาด",IF(ROUND(G7,1)>=25,"เสี่ยงเกิน/เกิน","ปกติ")))) -> ปกติ | AO7: =IF(OR(I7="",Participant_Data!G7=""),"",IF(Participant_Data!G7=1,IF(ROUND(I7,1)<15,"ขาด/เสี่ยงขาด",IF(ROUND(I7,1)>25,"เสี่ยงเกิน/เกิน","ปกติ")),IF(ROUND(I7,1)<20,"ขาด/เสี่ยงขาด",IF(ROUND(I7,1)>35,"เสี่ยงเกิน/เกิน","ปกติ")))) -> ปกติ | AP7: =IF(OR(AN7="",AO7=""),"",IF(OR(AN7="ขาด/เสี่ยงขาด",AO7="ขาด/เสี่ยงขาด"),"ขาด/เสี่ยงขาด",IF(OR(AN7="เสี่ยงเกิน/เกิน",AO7="เสี่ยงเกิน/เกิน"),"เสี่ยงเกิน/เกิน","ปกติ"))) -> ปกติ
A8: =IF(Participant_Data!A8="","",Participant_Data!A8) -> 7 | B8: =IF(Participant_Data!B8="","",Participant_Data!B8) | C8: =IF(Participant_Data!C8="","",Participant_Data!C8) | E8: 163 | F8: 79.65 | G8: =IF(OR(E8="",F8=""),"",F8/((E8/100)^2)) -> 29.978546 | H8: 34.17 | I8: 42.9 | J8: 10.5 | K8: 42.65 | L8: 2.8 | M8: 44.5 | N8: 1397 | O8: 2 | P8: 3 | Q8: 2 | R8: 2 | S8: 2 | T8: 3 | U8: 14 | V8: 1 | W8: 1 | X8: 1 | Y8: 1 | Z8: 1 | AA8: 1 | AB8: 1 | AC8: 1 | AD8: 2 | AE8: 0 | AF8: 1 | AG8: 1 | AH8: 1 | AI8: 12 | AJ8: 26 | AK8: 1 | AL8: 36 | AM8: 41 | AN8: =IF(OR(G8="",Participant_Data!E8=""),"",IF(Participant_Data!E8<70,IF(ROUND(G8,1)<18.5,"ขาด/เสี่ยงขาด",IF(ROUND(G8,1)>=25,"เสี่ยงเกิน/เกิน","ปกติ")),IF(ROUND(G8,1)<20,"ขาด/เสี่ยงขาด",IF(ROUND(G8,1)>=25,"เสี่ยงเกิน/เกิน","ปกติ")))) -> เสี่ยงเกิน/เกิน | AO8: =IF(OR(I8="",Participant_Data!G8=""),"",IF(Participant_Data!G8=1,IF(ROUND(I8,1)<15,"ขาด/เสี่ยงขาด",IF(ROUND(I8,1)>25,"เสี่ยงเกิน/เกิน","ปกติ")),IF(ROUND(I8,1)<20,"ขาด/เสี่ยงขาด",IF(ROUND(I8,1)>35,"เสี่ยงเกิน/เกิน","ปกติ")))) -> เสี่ยงเกิน/เกิน | AP8: =IF(OR(AN8="",AO8=""),"",IF(OR(AN8="ขาด/เสี่ยงขาด",AO8="ขาด/เสี่ยงขาด"),"ขาด/เสี่ยงขาด",IF(OR(AN8="เสี่ยงเกิน/เกิน",AO8="เสี่ยงเกิน/เกิน"),"เสี่ยงเกิน/เกิน","ปกติ"))) -> เสี่ยงเกิน/เกิน
A9: =IF(Participant_Data!A9="","",Participant_Data!A9) -> 8 | B9: =IF(Participant_Data!B9="","",Participant_Data!B9) | C9: =IF(Participant_Data!C9="","",Participant_Data!C9) | E9: 156 | F9: 76.45 | G9: =IF(OR(E9="",F9=""),"",F9/((E9/100)^2)) -> 31.414366 | H9: 34.86 | I9: 45.6 | J9: 11.5 | K9: 39.1 | L9: 2.5 | M9: 42.7 | N9: 1283 | O9: 2 | P9: 3 | Q9: 2 | R9: 0 | S9: 2 | T9: 3 | U9: 12 | V9: 1 | W9: 1 | X9: 1 | Y9: 1 | Z9: 1 | AA9: 1 | AB9: 1 | AC9: 1 | AD9: 2 | AE9: 2 | AF9: 2 | AG9: 1 | AH9: 1 | AI9: 15 | AJ9: 27 | AK9: 1 | AL9: 36 | AM9: 41 | AN9: =IF(OR(G9="",Participant_Data!E9=""),"",IF(Participant_Data!E9<70,IF(ROUND(G9,1)<18.5,"ขาด/เสี่ยงขาด",IF(ROUND(G9,1)>=25,"เสี่ยงเกิน/เกิน","ปกติ")),IF(ROUND(G9,1)<20,"ขาด/เสี่ยงขาด",IF(ROUND(G9,1)>=25,"เสี่ยงเกิน/เกิน","ปกติ")))) -> เสี่ยงเกิน/เกิน | AO9: =IF(OR(I9="",Participant_Data!G9=""),"",IF(Participant_Data!G9=1,IF(ROUND(I9,1)<15,"ขาด/เสี่ยงขาด",IF(ROUND(I9,1)>25,"เสี่ยงเกิน/เกิน","ปกติ")),IF(ROUND(I9,1)<20,"ขาด/เสี่ยงขาด",IF(ROUND(I9,1)>35,"เสี่ยงเกิน/เกิน","ปกติ")))) -> เสี่ยงเกิน/เกิน | AP9: =IF(OR(AN9="",AO9=""),"",IF(OR(AN9="ขาด/เสี่ยงขาด",AO9="ขาด/เสี่ยงขาด"),"ขาด/เสี่ยงขาด",IF(OR(AN9="เสี่ยงเกิน/เกิน",AO9="เสี่ยงเกิน/เกิน"),"เสี่ยงเกิน/เกิน","ปกติ"))) -> เสี่ยงเกิน/เกิน
A10: =IF(Participant_Data!A10="","",Participant_Data!A10) -> 9 | B10: =IF(Participant_Data!B10="","",Participant_Data!B10) | C10: =IF(Participant_Data!C10="","",Participant_Data!C10) | E10: 150 | F10: 53 | G10: =IF(OR(E10="",F10=""),"",F10/((E10/100)^2)) -> 23.555556 | H10: 17.7 | I10: 33.4 | J10: 7.5 | K10: 33.4 | L10: 1.9 | M10: 49.1 | N10: 1024 | O10: 2 | P10: 3 | Q10: 2 | R10: 2 | S10: 2 | T10: 3 | U10: 14 | V10: 1 | W10: 1 | X10: 1 | Y10: 1 | Z10: 2 | AA10: 1 | AB10: 1 | AC10: 1 | AD10: 2 | AE10: 2 | AF10: 2 | AG10: 1 | AH10: 1 | AI10: 16 | AJ10: 30 | AK10: 1 | AL10: 28 | AM10: 35 | AN10: =IF(OR(G10="",Participant_Data!E10=""),"",IF(Participant_Data!E10<70,IF(ROUND(G10,1)<18.5,"ขาด/เสี่ยงขาด",IF(ROUND(G10,1)>=25,"เสี่ยงเกิน/เกิน","ปกติ")),IF(ROUND(G10,1)<20,"ขาด/เสี่ยงขาด",IF(ROUND(G10,1)>=25,"เสี่ยงเกิน/เกิน","ปกติ")))) -> ปกติ | AO10: =IF(OR(I10="",Participant_Data!G10=""),"",IF(Participant_Data!G10=1,IF(ROUND(I10,1)<15,"ขาด/เสี่ยงขาด",IF(ROUND(I10,1)>25,"เสี่ยงเกิน/เกิน","ปกติ")),IF(ROUND(I10,1)<20,"ขาด/เสี่ยงขาด",IF(ROUND(I10,1)>35,"เสี่ยงเกิน/เกิน","ปกติ")))) -> ปกติ | AP10: =IF(OR(AN10="",AO10=""),"",IF(OR(AN10="ขาด/เสี่ยงขาด",AO10="ขาด/เสี่ยงขาด"),"ขาด/เสี่ยงขาด",IF(OR(AN10="เสี่ยงเกิน/เกิน",AO10="เสี่ยงเกิน/เกิน"),"เสี่ยงเกิน/เกิน","ปกติ"))) -> ปกติ
A11: =IF(Participant_Data!A11="","",Participant_Data!A11) -> 10 | B11: =IF(Participant_Data!B11="","",Participant_Data!B11) | C11: =IF(Participant_Data!C11="","",Participant_Data!C11) | E11: 150 | F11: 59.2 | G11: =IF(OR(E11="",F11=""),"",F11/((E11/100)^2)) -> 26.311111 | H11: 22.08 | I11: 37.3 | J11: 8.5 | K11: 35 | L11: 2.1 | M11: 48.5 | N11: 1099 | O11: 2 | P11: 3 | Q11: 2 | R11: 2 | S11: 2 | T11: 3 | U11: 14 | V11: 1 | W11: 1 | X11: 1 | Y11: 1 | Z11: 2 | AA11: 0.5 | AB11: 1 | AC11: 1 | AD11: 2 | AE11: 1 | AF11: 0.5 | AG11: 1 | AH11: 1 | AI11: 13 | AJ11: 27 | AK11: 1 | AL11: 31 | AM11: 40 | AN11: =IF(OR(G11="",Participant_Data!E11=""),"",IF(Participant_Data!E11<70,IF(ROUND(G11,1)<18.5,"ขาด/เสี่ยงขาด",IF(ROUND(G11,1)>=25,"เสี่ยงเกิน/เกิน","ปกติ")),IF(ROUND(G11,1)<20,"ขาด/เสี่ยงขาด",IF(ROUND(G11,1)>=25,"เสี่ยงเกิน/เกิน","ปกติ")))) -> เสี่ยงเกิน/เกิน | AO11: =IF(OR(I11="",Participant_Data!G11=""),"",IF(Participant_Data!G11=1,IF(ROUND(I11,1)<15,"ขาด/เสี่ยงขาด",IF(ROUND(I11,1)>25,"เสี่ยงเกิน/เกิน","ปกติ")),IF(ROUND(I11,1)<20,"ขาด/เสี่ยงขาด",IF(ROUND(I11,1)>35,"เสี่ยงเกิน/เกิน","ปกติ")))) -> เสี่ยงเกิน/เกิน | AP11: =IF(OR(AN11="",AO11=""),"",IF(OR(AN11="ขาด/เสี่ยงขาด",AO11="ขาด/เสี่ยงขาด"),"ขาด/เสี่ยงขาด",IF(OR(AN11="เสี่ยงเกิน/เกิน",AO11="เสี่ยงเกิน/เกิน"),"เสี่ยงเกิน/เกิน","ปกติ"))) -> เสี่ยงเกิน/เกิน
A12: =IF(Participant_Data!A12="","",Participant_Data!A12) -> 11 | B12: =IF(Participant_Data!B12="","",Participant_Data!B12) | C12: =IF(Participant_Data!C12="","",Participant_Data!C12) | E12: 158 | F12: 50.65 | G12: =IF(OR(E12="",F12=""),"",F12/((E12/100)^2)) -> 20.289216 | H12: 16.01 | I12: 31.6 | J12: 6 | K12: 32.75 | L12: 1.9 | M12: 44.1 | N12: 996 | O12: 1 | P12: 3 | Q12: 2 | R12: 2 | S12: 1 | T12: 1 | U12: 10 | V12: 2 | W12: 1 | X12: 1 | Y12: 1 | Z12: 2 | AA12: 0.5 | AB12: 1 | AC12: 1 | AD12: 2 | AE12: 2 | AF12: 2 | AG12: 1 | AH12: 1 | AI12: 15.5 | AJ12: 25.5 | AK12: 1 | AL12: 26 | AM12: 33.5 | AN12: =IF(OR(G12="",Participant_Data!E12=""),"",IF(Participant_Data!E12<70,IF(ROUND(G12,1)<18.5,"ขาด/เสี่ยงขาด",IF(ROUND(G12,1)>=25,"เสี่ยงเกิน/เกิน","ปกติ")),IF(ROUND(G12,1)<20,"ขาด/เสี่ยงขาด",IF(ROUND(G12,1)>=25,"เสี่ยงเกิน/เกิน","ปกติ")))) -> ปกติ | AO12: =IF(OR(I12="",Participant_Data!G12=""),"",IF(Participant_Data!G12=1,IF(ROUND(I12,1)<15,"ขาด/เสี่ยงขาด",IF(ROUND(I12,1)>25,"เสี่ยงเกิน/เกิน","ปกติ")),IF(ROUND(I12,1)<20,"ขาด/เสี่ยงขาด",IF(ROUND(I12,1)>35,"เสี่ยงเกิน/เกิน","ปกติ")))) -> ปกติ | AP12: =IF(OR(AN12="",AO12=""),"",IF(OR(AN12="ขาด/เสี่ยงขาด",AO12="ขาด/เสี่ยงขาด"),"ขาด/เสี่ยงขาด",IF(OR(AN12="เสี่ยงเกิน/เกิน",AO12="เสี่ยงเกิน/เกิน"),"เสี่ยงเกิน/เกิน","ปกติ"))) -> ปกติ
A13: =IF(Participant_Data!A13="","",Participant_Data!A13) -> 12 | B13: =IF(Participant_Data!B13="","",Participant_Data!B13) | C13: =IF(Participant_Data!C13="","",Participant_Data!C13) | E13: 156 | F13: 56.2 | G13: =IF(OR(E13="",F13=""),"",F13/((E13/100)^2)) -> 23.09336 | H13: 17.82 | I13: 31.7 | J13: 6.5 | K13: 36.15 | L13: 2.2 | M13: 50.6 | N13: 1113 | O13: 2 | P13: 3 | Q13: 2 | R13: 0 | S13: 2 | T13: 3 | U13: 12 | V13: 1 | W13: 1 | X13: 1 | Y13: 1 | Z13: 1 | AA13: 1 | AB13: 1 | AC13: 1 | AD13: 2 | AE13: 2 | AF13: 2 | AG13: 1 | AH13: 1 | AI13: 15 | AJ13: 27 | AK13: 1 | AL13: 26 | AM13: 35 | AN13: =IF(OR(G13="",Participant_Data!E13=""),"",IF(Participant_Data!E13<70,IF(ROUND(G13,1)<18.5,"ขาด/เสี่ยงขาด",IF(ROUND(G13,1)>=25,"เสี่ยงเกิน/เกิน","ปกติ")),IF(ROUND(G13,1)<20,"ขาด/เสี่ยงขาด",IF(ROUND(G13,1)>=25,"เสี่ยงเกิน/เกิน","ปกติ")))) -> ปกติ | AO13: =IF(OR(I13="",Participant_Data!G13=""),"",IF(Participant_Data!G13=1,IF(ROUND(I13,1)<15,"ขาด/เสี่ยงขาด",IF(ROUND(I13,1)>25,"เสี่ยงเกิน/เกิน","ปกติ")),IF(ROUND(I13,1)<20,"ขาด/เสี่ยงขาด",IF(ROUND(I13,1)>35,"เสี่ยงเกิน/เกิน","ปกติ")))) -> ปกติ | AP13: =IF(OR(AN13="",AO13=""),"",IF(OR(AN13="ขาด/เสี่ยงขาด",AO13="ขาด/เสี่ยงขาด"),"ขาด/เสี่ยงขาด",IF(OR(AN13="เสี่ยงเกิน/เกิน",AO13="เสี่ยงเกิน/เกิน"),"เสี่ยงเกิน/เกิน","ปกติ"))) -> ปกติ
... A201: =IF(Participant_Data!A201="","",Participant_Data!A201) -> 200 | B201: =IF(Participant_Data!B201="","",Participant_Data!B201) | C201: =IF(Participant_Data!C201="","",Participant_Data!C201) | E201: 170 | F201: 64.75 | G201: =IF(OR(E201="",F201=""),"",F201/((E201/100)^2)) -> 22.404844 | H201: 15.35 | I201: 23.7 | J201: 14.5 | K201: 46.85 | L201: 2.6 | M201: 43.3 | N201: 1333 | O201: 2 | P201: 1 | Q201: 2 | R201: 0 | S201: 1 | T201: 2 | U201: 8 | V201: 2 | W201: 1 | X201: 1 | Y201: 1 | Z201: 2 | AA201: 0 | AB201: 0 | AC201: 1 | AD201: 2 | AE201: 1 | AF201: 1 | AG201: 1 | AH201: 0 | AI201: 11 | AJ201: 19 | AK201: 2 | AL201: 27.5 | AM201: 30 | AN201: =IF(OR(G201="",Participant_Data!E201=""),"",IF(Participant_Data!E201<70,IF(ROUND(G201,1)<18.5,"ขาด/เสี่ยงขาด",IF(ROUND(G201,1)>=25,"เสี่ยงเกิน/เกิน","ปกติ")),IF(ROUND(G201,1)<20,"ขาด/เสี่ยงขาด",IF(ROUND(G201,1)>=25,"เสี่ยงเกิน/เกิน","ปกติ")))) -> ปกติ | AO201: =IF(OR(I201="",Participant_Data!G201=""),"",IF(Participant_Data!G201=1,IF(ROUND(I201,1)<15,"ขาด/เสี่ยงขาด",IF(ROUND(I201,1)>25,"เสี่ยงเกิน/เกิน","ปกติ")),IF(ROUND(I201,1)<20,"ขาด/เสี่ยงขาด",IF(ROUND(I201,1)>35,"เสี่ยงเกิน/เกิน","ปกติ")))) -> ปกติ | AP201: =IF(OR(AN201="",AO201=""),"",IF(OR(AN201="ขาด/เสี่ยงขาด",AO201="ขาด/เสี่ยงขาด"),"ขาด/เสี่ยงขาด",IF(OR(AN201="เสี่ยงเกิน/เกิน",AO201="เสี่ยงเกิน/เกิน"),"เสี่ยงเกิน/เกิน","ปกติ"))) -> ปกติ
A202: =IF(Participant_Data!A202="","",Participant_Data!A202) -> 201 | B202: =IF(Participant_Data!B202="","",Participant_Data!B202) | C202: =IF(Participant_Data!C202="","",Participant_Data!C202) | G202: =IF(OR(E202="",F202=""),"",F202/((E202/100)^2)) | U202: =IF(COUNTA(O202:T202)=0,"",SUM(O202:T202)) | V202: =IF(U202="","",IF(U202>=12,"Normal",IF(U202>=8,"At risk","Malnourished"))) | AI202: =IF(COUNTA(W202:AH202)=0,"",SUM(W202:AH202)) | AJ202: =IF(OR(U202="",AI202=""),"",U202+AI202) | AK202: =IF(AJ202="","",IF(AJ202>=24,"Normal",IF(AJ202>=17,"At risk","Malnourished"))) | AN202: =IF(OR(G202="",Participant_Data!E202=""),"",IF(Participant_Data!E202<70,IF(ROUND(G202,1)<18.5,"ขาด/เสี่ยงขาด",IF(ROUND(G202,1)>=25,"เสี่ยงเกิน/เกิน","ปกติ")),IF(ROUND(G202,1)<20,"ขาด/เสี่ยงขาด",IF(ROUND(G202,1)>=25,"เสี่ยงเกิน/เกิน","ปกติ")))) | AO202: =IF(OR(I202="",Participant_Data!G202=""),"",IF(Participant_Data!G202=1,IF(ROUND(I202,1)<15,"ขาด/เสี่ยงขาด",IF(ROUND(I202,1)>25,"เสี่ยงเกิน/เกิน","ปกติ")),IF(ROUND(I202,1)<20,"ขาด/เสี่ยงขาด",IF(ROUND(I202,1)>35,"เสี่ยงเกิน/เกิน","ปกติ")))) | AP202: =IF(OR(AN202="",AO202=""),"",IF(OR(AN202="ขาด/เสี่ยงขาด",AO202="ขาด/เสี่ยงขาด"),"ขาด/เสี่ยงขาด",IF(OR(AN202="เสี่ยงเกิน/เกิน",AO202="เสี่ยงเกิน/เกิน"),"เสี่ยงเกิน/เกิน","ปกติ")))
A203: =IF(Participant_Data!A203="","",Participant_Data!A203) -> 202 | B203: =IF(Participant_Data!B203="","",Participant_Data!B203) | C203: =IF(Participant_Data!C203="","",Participant_Data!C203) | G203: =IF(OR(E203="",F203=""),"",F203/((E203/100)^2)) | U203: =IF(COUNTA(O203:T203)=0,"",SUM(O203:T203)) | V203: =IF(U203="","",IF(U203>=12,"Normal",IF(U203>=8,"At risk","Malnourished"))) | AI203: =IF(COUNTA(W203:AH203)=0,"",SUM(W203:AH203)) | AJ203: =IF(OR(U203="",AI203=""),"",U203+AI203) | AK203: =IF(AJ203="","",IF(AJ203>=24,"Normal",IF(AJ203>=17,"At risk","Malnourished"))) | AN203: =IF(OR(G203="",Participant_Data!E203=""),"",IF(Participant_Data!E203<70,IF(ROUND(G203,1)<18.5,"ขาด/เสี่ยงขาด",IF(ROUND(G203,1)>=25,"เสี่ยงเกิน/เกิน","ปกติ")),IF(ROUND(G203,1)<20,"ขาด/เสี่ยงขาด",IF(ROUND(G203,1)>=25,"เสี่ยงเกิน/เกิน","ปกติ")))) | AO203: =IF(OR(I203="",Participant_Data!G203=""),"",IF(Participant_Data!G203=1,IF(ROUND(I203,1)<15,"ขาด/เสี่ยงขาด",IF(ROUND(I203,1)>25,"เสี่ยงเกิน/เกิน","ปกติ")),IF(ROUND(I203,1)<20,"ขาด/เสี่ยงขาด",IF(ROUND(I203,1)>35,"เสี่ยงเกิน/เกิน","ปกติ")))) | AP203: =IF(OR(AN203="",AO203=""),"",IF(OR(AN203="ขาด/เสี่ยงขาด",AO203="ขาด/เสี่ยงขาด"),"ขาด/เสี่ยงขาด",IF(OR(AN203="เสี่ยงเกิน/เกิน",AO203="เสี่ยงเกิน/เกิน"),"เสี่ยงเกิน/เกิน","ปกติ")))
A204: =IF(Participant_Data!A204="","",Participant_Data!A204) -> 203 | B204: =IF(Participant_Data!B204="","",Participant_Data!B204) | C204: =IF(Participant_Data!C204="","",Participant_Data!C204) | G204: =IF(OR(E204="",F204=""),"",F204/((E204/100)^2)) | U204: =IF(COUNTA(O204:T204)=0,"",SUM(O204:T204)) | V204: =IF(U204="","",IF(U204>=12,"Normal",IF(U204>=8,"At risk","Malnourished"))) | AI204: =IF(COUNTA(W204:AH204)=0,"",SUM(W204:AH204)) | AJ204: =IF(OR(U204="",AI204=""),"",U204+AI204) | AK204: =IF(AJ204="","",IF(AJ204>=24,"Normal",IF(AJ204>=17,"At risk","Malnourished"))) | AN204: =IF(OR(G204="",Participant_Data!E204=""),"",IF(Participant_Data!E204<70,IF(ROUND(G204,1)<18.5,"ขาด/เสี่ยงขาด",IF(ROUND(G204,1)>=25,"เสี่ยงเกิน/เกิน","ปกติ")),IF(ROUND(G204,1)<20,"ขาด/เสี่ยงขาด",IF(ROUND(G204,1)>=25,"เสี่ยงเกิน/เกิน","ปกติ")))) | AO204: =IF(OR(I204="",Participant_Data!G204=""),"",IF(Participant_Data!G204=1,IF(ROUND(I204,1)<15,"ขาด/เสี่ยงขาด",IF(ROUND(I204,1)>25,"เสี่ยงเกิน/เกิน","ปกติ")),IF(ROUND(I204,1)<20,"ขาด/เสี่ยงขาด",IF(ROUND(I204,1)>35,"เสี่ยงเกิน/เกิน","ปกติ")))) | AP204: =IF(OR(AN204="",AO204=""),"",IF(OR(AN204="ขาด/เสี่ยงขาด",AO204="ขาด/เสี่ยงขาด"),"ขาด/เสี่ยงขาด",IF(OR(AN204="เสี่ยงเกิน/เกิน",AO204="เสี่ยงเกิน/เกิน"),"เสี่ยงเกิน/เกิน","ปกติ")))
A205: =IF(Participant_Data!A205="","",Participant_Data!A205) -> 204 | B205: =IF(Participant_Data!B205="","",Participant_Data!B205) | C205: =IF(Participant_Data!C205="","",Participant_Data!C205) | G205: =IF(OR(E205="",F205=""),"",F205/((E205/100)^2)) | U205: =IF(COUNTA(O205:T205)=0,"",SUM(O205:T205)) | V205: =IF(U205="","",IF(U205>=12,"Normal",IF(U205>=8,"At risk","Malnourished"))) | AI205: =IF(COUNTA(W205:AH205)=0,"",SUM(W205:AH205)) | AJ205: =IF(OR(U205="",AI205=""),"",U205+AI205) | AK205: =IF(AJ205="","",IF(AJ205>=24,"Normal",IF(AJ205>=17,"At risk","Malnourished"))) | AN205: =IF(OR(G205="",Participant_Data!E205=""),"",IF(Participant_Data!E205<70,IF(ROUND(G205,1)<18.5,"ขาด/เสี่ยงขาด",IF(ROUND(G205,1)>=25,"เสี่ยงเกิน/เกิน","ปกติ")),IF(ROUND(G205,1)<20,"ขาด/เสี่ยงขาด",IF(ROUND(G205,1)>=25,"เสี่ยงเกิน/เกิน","ปกติ")))) | AO205: =IF(OR(I205="",Participant_Data!G205=""),"",IF(Participant_Data!G205=1,IF(ROUND(I205,1)<15,"ขาด/เสี่ยงขาด",IF(ROUND(I205,1)>25,"เสี่ยงเกิน/เกิน","ปกติ")),IF(ROUND(I205,1)<20,"ขาด/เสี่ยงขาด",IF(ROUND(I205,1)>35,"เสี่ยงเกิน/เกิน","ปกติ")))) | AP205: =IF(OR(AN205="",AO205=""),"",IF(OR(AN205="ขาด/เสี่ยงขาด",AO205="ขาด/เสี่ยงขาด"),"ขาด/เสี่ยงขาด",IF(OR(AN205="เสี่ยงเกิน/เกิน",AO205="เสี่ยงเกิน/เกิน"),"เสี่ยงเกิน/เกิน","ปกติ")))
A206: =IF(Participant_Data!A206="","",Participant_Data!A206) -> 205 | B206: =IF(Participant_Data!B206="","",Participant_Data!B206) | C206: =IF(Participant_Data!C206="","",Participant_Data!C206) | G206: =IF(OR(E206="",F206=""),"",F206/((E206/100)^2)) | U206: =IF(COUNTA(O206:T206)=0,"",SUM(O206:T206)) | V206: =IF(U206="","",IF(U206>=12,"Normal",IF(U206>=8,"At risk","Malnourished"))) | AI206: =IF(COUNTA(W206:AH206)=0,"",SUM(W206:AH206)) | AJ206: =IF(OR(U206="",AI206=""),"",U206+AI206) | AK206: =IF(AJ206="","",IF(AJ206>=24,"Normal",IF(AJ206>=17,"At risk","Malnourished"))) | AN206: =IF(OR(G206="",Participant_Data!E206=""),"",IF(Participant_Data!E206<70,IF(ROUND(G206,1)<18.5,"ขาด/เสี่ยงขาด",IF(ROUND(G206,1)>=25,"เสี่ยงเกิน/เกิน","ปกติ")),IF(ROUND(G206,1)<20,"ขาด/เสี่ยงขาด",IF(ROUND(G206,1)>=25,"เสี่ยงเกิน/เกิน","ปกติ")))) | AO206: =IF(OR(I206="",Participant_Data!G206=""),"",IF(Participant_Data!G206=1,IF(ROUND(I206,1)<15,"ขาด/เสี่ยงขาด",IF(ROUND(I206,1)>25,"เสี่ยงเกิน/เกิน","ปกติ")),IF(ROUND(I206,1)<20,"ขาด/เสี่ยงขาด",IF(ROUND(I206,1)>35,"เสี่ยงเกิน/เกิน","ปกติ")))) | AP206: =IF(OR(AN206="",AO206=""),"",IF(OR(AN206="ขาด/เสี่ยงขาด",AO206="ขาด/เสี่ยงขาด"),"ขาด/เสี่ยงขาด",IF(OR(AN206="เสี่ยงเกิน/เกิน",AO206="เสี่ยงเกิน/เกิน"),"เสี่ยงเกิน/เกิน","ปกติ")))
A207: =IF(Participant_Data!A207="","",Participant_Data!A207) -> 206 | B207: =IF(Participant_Data!B207="","",Participant_Data!B207) | C207: =IF(Participant_Data!C207="","",Participant_Data!C207) | G207: =IF(OR(E207="",F207=""),"",F207/((E207/100)^2)) | U207: =IF(COUNTA(O207:T207)=0,"",SUM(O207:T207)) | V207: =IF(U207="","",IF(U207>=12,"Normal",IF(U207>=8,"At risk","Malnourished"))) | AI207: =IF(COUNTA(W207:AH207)=0,"",SUM(W207:AH207)) | AJ207: =IF(OR(U207="",AI207=""),"",U207+AI207) | AK207: =IF(AJ207="","",IF(AJ207>=24,"Normal",IF(AJ207>=17,"At risk","Malnourished"))) | AN207: =IF(OR(G207="",Participant_Data!E207=""),"",IF(Participant_Data!E207<70,IF(ROUND(G207,1)<18.5,"ขาด/เสี่ยงขาด",IF(ROUND(G207,1)>=25,"เสี่ยงเกิน/เกิน","ปกติ")),IF(ROUND(G207,1)<20,"ขาด/เสี่ยงขาด",IF(ROUND(G207,1)>=25,"เสี่ยงเกิน/เกิน","ปกติ")))) | AO207: =IF(OR(I207="",Participant_Data!G207=""),"",IF(Participant_Data!G207=1,IF(ROUND(I207,1)<15,"ขาด/เสี่ยงขาด",IF(ROUND(I207,1)>25,"เสี่ยงเกิน/เกิน","ปกติ")),IF(ROUND(I207,1)<20,"ขาด/เสี่ยงขาด",IF(ROUND(I207,1)>35,"เสี่ยงเกิน/เกิน","ปกติ")))) | AP207: =IF(OR(AN207="",AO207=""),"",IF(OR(AN207="ขาด/เสี่ยงขาด",AO207="ขาด/เสี่ยงขาด"),"ขาด/เสี่ยงขาด",IF(OR(AN207="เสี่ยงเกิน/เกิน",AO207="เสี่ยงเกิน/เกิน"),"เสี่ยงเกิน/เกิน","ปกติ")))
A208: =IF(Participant_Data!A208="","",Participant_Data!A208) -> 207 | B208: =IF(Participant_Data!B208="","",Participant_Data!B208) | C208: =IF(Participant_Data!C208="","",Participant_Data!C208) | G208: =IF(OR(E208="",F208=""),"",F208/((E208/100)^2)) | U208: =IF(COUNTA(O208:T208)=0,"",SUM(O208:T208)) | V208: =IF(U208="","",IF(U208>=12,"Normal",IF(U208>=8,"At risk","Malnourished"))) | AI208: =IF(COUNTA(W208:AH208)=0,"",SUM(W208:AH208)) | AJ208: =IF(OR(U208="",AI208=""),"",U208+AI208) | AK208: =IF(AJ208="","",IF(AJ208>=24,"Normal",IF(AJ208>=17,"At risk","Malnourished"))) | AN208: =IF(OR(G208="",Participant_Data!E208=""),"",IF(Participant_Data!E208<70,IF(ROUND(G208,1)<18.5,"ขาด/เสี่ยงขาด",IF(ROUND(G208,1)>=25,"เสี่ยงเกิน/เกิน","ปกติ")),IF(ROUND(G208,1)<20,"ขาด/เสี่ยงขาด",IF(ROUND(G208,1)>=25,"เสี่ยงเกิน/เกิน","ปกติ")))) | AO208: =IF(OR(I208="",Participant_Data!G208=""),"",IF(Participant_Data!G208=1,IF(ROUND(I208,1)<15,"ขาด/เสี่ยงขาด",IF(ROUND(I208,1)>25,"เสี่ยงเกิน/เกิน","ปกติ")),IF(ROUND(I208,1)<20,"ขาด/เสี่ยงขาด",IF(ROUND(I208,1)>35,"เสี่ยงเกิน/เกิน","ปกติ")))) | AP208: =IF(OR(AN208="",AO208=""),"",IF(OR(AN208="ขาด/เสี่ยงขาด",AO208="ขาด/เสี่ยงขาด"),"ขาด/เสี่ยงขาด",IF(OR(AN208="เสี่ยงเกิน/เกิน",AO208="เสี่ยงเกิน/เกิน"),"เสี่ยงเกิน/เกิน","ปกติ")))
A209: =IF(Participant_Data!A209="","",Participant_Data!A209) -> 208 | B209: =IF(Participant_Data!B209="","",Participant_Data!B209) | C209: =IF(Participant_Data!C209="","",Participant_Data!C209) | G209: =IF(OR(E209="",F209=""),"",F209/((E209/100)^2)) | U209: =IF(COUNTA(O209:T209)=0,"",SUM(O209:T209)) | V209: =IF(U209="","",IF(U209>=12,"Normal",IF(U209>=8,"At risk","Malnourished"))) | AI209: =IF(COUNTA(W209:AH209)=0,"",SUM(W209:AH209)) | AJ209: =IF(OR(U209="",AI209=""),"",U209+AI209) | AK209: =IF(AJ209="","",IF(AJ209>=24,"Normal",IF(AJ209>=17,"At risk","Malnourished"))) | AN209: =IF(OR(G209="",Participant_Data!E209=""),"",IF(Participant_Data!E209<70,IF(ROUND(G209,1)<18.5,"ขาด/เสี่ยงขาด",IF(ROUND(G209,1)>=25,"เสี่ยงเกิน/เกิน","ปกติ")),IF(ROUND(G209,1)<20,"ขาด/เสี่ยงขาด",IF(ROUND(G209,1)>=25,"เสี่ยงเกิน/เกิน","ปกติ")))) | AO209: =IF(OR(I209="",Participant_Data!G209=""),"",IF(Participant_Data!G209=1,IF(ROUND(I209,1)<15,"ขาด/เสี่ยงขาด",IF(ROUND(I209,1)>25,"เสี่ยงเกิน/เกิน","ปกติ")),IF(ROUND(I209,1)<20,"ขาด/เสี่ยงขาด",IF(ROUND(I209,1)>35,"เสี่ยงเกิน/เกิน","ปกติ")))) | AP209: =IF(OR(AN209="",AO209=""),"",IF(OR(AN209="ขาด/เสี่ยงขาด",AO209="ขาด/เสี่ยงขาด"),"ขาด/เสี่ยงขาด",IF(OR(AN209="เสี่ยงเกิน/เกิน",AO209="เสี่ยงเกิน/เกิน"),"เสี่ยงเกิน/เกิน","ปกติ")))
A210: =IF(Participant_Data!A210="","",Participant_Data!A210) -> 209 | B210: =IF(Participant_Data!B210="","",Participant_Data!B210) | C210: =IF(Participant_Data!C210="","",Participant_Data!C210) | G210: =IF(OR(E210="",F210=""),"",F210/((E210/100)^2)) | U210: =IF(COUNTA(O210:T210)=0,"",SUM(O210:T210)) | V210: =IF(U210="","",IF(U210>=12,"Normal",IF(U210>=8,"At risk","Malnourished"))) | AI210: =IF(COUNTA(W210:AH210)=0,"",SUM(W210:AH210)) | AJ210: =IF(OR(U210="",AI210=""),"",U210+AI210) | AK210: =IF(AJ210="","",IF(AJ210>=24,"Normal",IF(AJ210>=17,"At risk","Malnourished"))) | AN210: =IF(OR(G210="",Participant_Data!E210=""),"",IF(Participant_Data!E210<70,IF(ROUND(G210,1)<18.5,"ขาด/เสี่ยงขาด",IF(ROUND(G210,1)>=25,"เสี่ยงเกิน/เกิน","ปกติ")),IF(ROUND(G210,1)<20,"ขาด/เสี่ยงขาด",IF(ROUND(G210,1)>=25,"เสี่ยงเกิน/เกิน","ปกติ")))) | AO210: =IF(OR(I210="",Participant_Data!G210=""),"",IF(Participant_Data!G210=1,IF(ROUND(I210,1)<15,"ขาด/เสี่ยงขาด",IF(ROUND(I210,1)>25,"เสี่ยงเกิน/เกิน","ปกติ")),IF(ROUND(I210,1)<20,"ขาด/เสี่ยงขาด",IF(ROUND(I210,1)>35,"เสี่ยงเกิน/เกิน","ปกติ")))) | AP210: =IF(OR(AN210="",AO210=""),"",IF(OR(AN210="ขาด/เสี่ยงขาด",AO210="ขาด/เสี่ยงขาด"),"ขาด/เสี่ยงขาด",IF(OR(AN210="เสี่ยงเกิน/เกิน",AO210="เสี่ยงเกิน/เกิน"),"เสี่ยงเกิน/เกิน","ปกติ")))
A211: =IF(Participant_Data!A211="","",Participant_Data!A211) -> 210 | B211: =IF(Participant_Data!B211="","",Participant_Data!B211) | C211: =IF(Participant_Data!C211="","",Participant_Data!C211) | G211: =IF(OR(E211="",F211=""),"",F211/((E211/100)^2)) | U211: =IF(COUNTA(O211:T211)=0,"",SUM(O211:T211)) | V211: =IF(U211="","",IF(U211>=12,"Normal",IF(U211>=8,"At risk","Malnourished"))) | AI211: =IF(COUNTA(W211:AH211)=0,"",SUM(W211:AH211)) | AJ211: =IF(OR(U211="",AI211=""),"",U211+AI211) | AK211: =IF(AJ211="","",IF(AJ211>=24,"Normal",IF(AJ211>=17,"At risk","Malnourished"))) | AN211: =IF(OR(G211="",Participant_Data!E211=""),"",IF(Participant_Data!E211<70,IF(ROUND(G211,1)<18.5,"ขาด/เสี่ยงขาด",IF(ROUND(G211,1)>=25,"เสี่ยงเกิน/เกิน","ปกติ")),IF(ROUND(G211,1)<20,"ขาด/เสี่ยงขาด",IF(ROUND(G211,1)>=25,"เสี่ยงเกิน/เกิน","ปกติ")))) | AO211: =IF(OR(I211="",Participant_Data!G211=""),"",IF(Participant_Data!G211=1,IF(ROUND(I211,1)<15,"ขาด/เสี่ยงขาด",IF(ROUND(I211,1)>25,"เสี่ยงเกิน/เกิน","ปกติ")),IF(ROUND(I211,1)<20,"ขาด/เสี่ยงขาด",IF(ROUND(I211,1)>35,"เสี่ยงเกิน/เกิน","ปกติ")))) | AP211: =IF(OR(AN211="",AO211=""),"",IF(OR(AN211="ขาด/เสี่ยงขาด",AO211="ขาด/เสี่ยงขาด"),"ขาด/เสี่ยงขาด",IF(OR(AN211="เสี่ยงเกิน/เกิน",AO211="เสี่ยงเกิน/เกิน"),"เสี่ยงเกิน/เกิน","ปกติ")))
A212: =IF(Participant_Data!A212="","",Participant_Data!A212) -> 211 | B212: =IF(Participant_Data!B212="","",Participant_Data!B212) | C212: =IF(Participant_Data!C212="","",Participant_Data!C212) | G212: =IF(OR(E212="",F212=""),"",F212/((E212/100)^2)) | U212: =IF(COUNTA(O212:T212)=0,"",SUM(O212:T212)) | V212: =IF(U212="","",IF(U212>=12,"Normal",IF(U212>=8,"At risk","Malnourished"))) | AI212: =IF(COUNTA(W212:AH212)=0,"",SUM(W212:AH212)) | AJ212: =IF(OR(U212="",AI212=""),"",U212+AI212) | AK212: =IF(AJ212="","",IF(AJ212>=24,"Normal",IF(AJ212>=17,"At risk","Malnourished"))) | AN212: =IF(OR(G212="",Participant_Data!E212=""),"",IF(Participant_Data!E212<70,IF(ROUND(G212,1)<18.5,"ขาด/เสี่ยงขาด",IF(ROUND(G212,1)>=25,"เสี่ยงเกิน/เกิน","ปกติ")),IF(ROUND(G212,1)<20,"ขาด/เสี่ยงขาด",IF(ROUND(G212,1)>=25,"เสี่ยงเกิน/เกิน","ปกติ")))) | AO212: =IF(OR(I212="",Participant_Data!G212=""),"",IF(Participant_Data!G212=1,IF(ROUND(I212,1)<15,"ขาด/เสี่ยงขาด",IF(ROUND(I212,1)>25,"เสี่ยงเกิน/เกิน","ปกติ")),IF(ROUND(I212,1)<20,"ขาด/เสี่ยงขาด",IF(ROUND(I212,1)>35,"เสี่ยงเกิน/เกิน","ปกติ")))) | AP212: =IF(OR(AN212="",AO212=""),"",IF(OR(AN212="ขาด/เสี่ยงขาด",AO212="ขาด/เสี่ยงขาด"),"ขาด/เสี่ยงขาด",IF(OR(AN212="เสี่ยงเกิน/เกิน",AO212="เสี่ยงเกิน/เกิน"),"เสี่ยงเกิน/เกิน","ปกติ")))
A213: =IF(Participant_Data!A213="","",Participant_Data!A213) -> 212 | B213: =IF(Participant_Data!B213="","",Participant_Data!B213) | C213: =IF(Participant_Data!C213="","",Participant_Data!C213) | G213: =IF(OR(E213="",F213=""),"",F213/((E213/100)^2)) | U213: =IF(COUNTA(O213:T213)=0,"",SUM(O213:T213)) | V213: =IF(U213="","",IF(U213>=12,"Normal",IF(U213>=8,"At risk","Malnourished"))) | AI213: =IF(COUNTA(W213:AH213)=0,"",SUM(W213:AH213)) | AJ213: =IF(OR(U213="",AI213=""),"",U213+AI213) | AK213: =IF(AJ213="","",IF(AJ213>=24,"Normal",IF(AJ213>=17,"At risk","Malnourished"))) | AN213: =IF(OR(G213="",Participant_Data!E213=""),"",IF(Participant_Data!E213<70,IF(ROUND(G213,1)<18.5,"ขาด/เสี่ยงขาด",IF(ROUND(G213,1)>=25,"เสี่ยงเกิน/เกิน","ปกติ")),IF(ROUND(G213,1)<20,"ขาด/เสี่ยงขาด",IF(ROUND(G213,1)>=25,"เสี่ยงเกิน/เกิน","ปกติ")))) | AO213: =IF(OR(I213="",Participant_Data!G213=""),"",IF(Participant_Data!G213=1,IF(ROUND(I213,1)<15,"ขาด/เสี่ยงขาด",IF(ROUND(I213,1)>25,"เสี่ยงเกิน/เกิน","ปกติ")),IF(ROUND(I213,1)<20,"ขาด/เสี่ยงขาด",IF(ROUND(I213,1)>35,"เสี่ยงเกิน/เกิน","ปกติ")))) | AP213: =IF(OR(AN213="",AO213=""),"",IF(OR(AN213="ขาด/เสี่ยงขาด",AO213="ขาด/เสี่ยงขาด"),"ขาด/เสี่ยงขาด",IF(OR(AN213="เสี่ยงเกิน/เกิน",AO213="เสี่ยงเกิน/เกิน"),"เสี่ยงเกิน/เกิน","ปกติ")))
... A301: =IF(Participant_Data!A301="","",Participant_Data!A301) -> 300 | B301: =IF(Participant_Data!B301="","",Participant_Data!B301) | C301: =IF(Participant_Data!C301="","",Participant_Data!C301) | G301: =IF(OR(E301="",F301=""),"",F301/((E301/100)^2)) | U301: =IF(COUNTA(O301:T301)=0,"",SUM(O301:T301)) | V301: =IF(U301="","",IF(U301>=12,"Normal",IF(U301>=8,"At risk","Malnourished"))) | AI301: =IF(COUNTA(W301:AH301)=0,"",SUM(W301:AH301)) | AJ301: =IF(OR(U301="",AI301=""),"",U301+AI301) | AK301: =IF(AJ301="","",IF(AJ301>=24,"Normal",IF(AJ301>=17,"At risk","Malnourished"))) | AN301: =IF(OR(G301="",Participant_Data!E301=""),"",IF(Participant_Data!E301<70,IF(ROUND(G301,1)<18.5,"ขาด/เสี่ยงขาด",IF(ROUND(G301,1)>=25,"เสี่ยงเกิน/เกิน","ปกติ")),IF(ROUND(G301,1)<20,"ขาด/เสี่ยงขาด",IF(ROUND(G301,1)>=25,"เสี่ยงเกิน/เกิน","ปกติ")))) | AO301: =IF(OR(I301="",Participant_Data!G301=""),"",IF(Participant_Data!G301=1,IF(ROUND(I301,1)<15,"ขาด/เสี่ยงขาด",IF(ROUND(I301,1)>25,"เสี่ยงเกิน/เกิน","ปกติ")),IF(ROUND(I301,1)<20,"ขาด/เสี่ยงขาด",IF(ROUND(I301,1)>35,"เสี่ยงเกิน/เกิน","ปกติ")))) | AP301: =IF(OR(AN301="",AO301=""),"",IF(OR(AN301="ขาด/เสี่ยงขาด",AO301="ขาด/เสี่ยงขาด"),"ขาด/เสี่ยงขาด",IF(OR(AN301="เสี่ยงเกิน/เกิน",AO301="เสี่ยงเกิน/เกิน"),"เสี่ยงเกิน/เกิน","ปกติ")))

Sheet Satisfaction
A1: record_id | B1: assessment_id | C1: assessment_date | D1: respondent_role | E1: sat_clarity | F1: sat_easy | G1: sat_confident | H1: sat_design | I1: sat_result | J1: sat_benefit | K1: sat_overall | L1: sat_comment | M1: sat_total | N1: sat_mean | O1: sat_level
A2: =IF(Participant_Data!A2="","",Participant_Data!A2) -> 1 | B2: =IF(Participant_Data!B2="","",Participant_Data!B2) | C2: =IF(Participant_Data!C2="","",Participant_Data!C2) | E2: 4 | F2: 4 | G2: 4 | H2: 4 | I2: 4 | J2: 4 | K2: 4 | M2: =SUM(E2:K2) -> 28
A3: =IF(Participant_Data!A3="","",Participant_Data!A3) -> 2 | B3: =IF(Participant_Data!B3="","",Participant_Data!B3) | C3: =IF(Participant_Data!C3="","",Participant_Data!C3) | E3: 5 | F3: 5 | G3: 5 | H3: 5 | I3: 5 | J3: 5 | K3: 5 | M3: =SUM(E3:K3) -> 35
A4: =IF(Participant_Data!A4="","",Participant_Data!A4) -> 3 | B4: =IF(Participant_Data!B4="","",Participant_Data!B4) | C4: =IF(Participant_Data!C4="","",Participant_Data!C4) | E4: 5 | F4: 5 | G4: 5 | H4: 4 | I4: 4 | J4: 4 | K4: 5 | M4: =SUM(E4:K4) -> 32
A5: =IF(Participant_Data!A5="","",Participant_Data!A5) -> 4 | B5: =IF(Participant_Data!B5="","",Participant_Data!B5) | C5: =IF(Participant_Data!C5="","",Participant_Data!C5) | E5: 4 | F5: 4 | G5: 4 | H5: 4 | I5: 4 | J5: 4 | K5: 4 | M5: =SUM(E5:K5) -> 28
A6: =IF(Participant_Data!A6="","",Participant_Data!A6) -> 5 | B6: =IF(Participant_Data!B6="","",Participant_Data!B6) | C6: =IF(Participant_Data!C6="","",Participant_Data!C6) | E6: 4 | F6: 4 | G6: 4 | H6: 3 | I6: 3 | J6: 4 | K6: 4 | M6: =SUM(E6:K6) -> 26
A7: =IF(Participant_Data!A7="","",Participant_Data!A7) -> 6 | B7: =IF(Participant_Data!B7="","",Participant_Data!B7) | C7: =IF(Participant_Data!C7="","",Participant_Data!C7) | E7: 5 | F7: 4 | G7: 5 | H7: 5 | I7: 5 | J7: 5 | K7: 5 | M7: =SUM(E7:K7) -> 34
A8: =IF(Participant_Data!A8="","",Participant_Data!A8) -> 7 | B8: =IF(Participant_Data!B8="","",Participant_Data!B8) | C8: =IF(Participant_Data!C8="","",Participant_Data!C8) | E8: 4 | F8: 4 | G8: 5 | H8: 4 | I8: 4 | J8: 5 | K8: 4 | L8: ประเมินบ่อยๆ เพื่อทราบพฤติกรรมตนเอง | M8: =SUM(E8:K8) -> 30
A9: =IF(Participant_Data!A9="","",Participant_Data!A9) -> 8 | B9: =IF(Participant_Data!B9="","",Participant_Data!B9) | C9: =IF(Participant_Data!C9="","",Participant_Data!C9) | E9: 4 | F9: 4 | G9: 4 | H9: 3 | I9: 3 | J9: 4 | K9: 4 | M9: =SUM(E9:K9) -> 26
A10: =IF(Participant_Data!A10="","",Participant_Data!A10) -> 9 | B10: =IF(Participant_Data!B10="","",Participant_Data!B10) | C10: =IF(Participant_Data!C10="","",Participant_Data!C10) | E10: 3 | F10: 3 | G10: 3 | H10: 3 | I10: 3 | J10: 4 | K10: 4 | M10: =SUM(E10:K10) -> 23
A11: =IF(Participant_Data!A11="","",Participant_Data!A11) -> 10 | B11: =IF(Participant_Data!B11="","",Participant_Data!B11) | C11: =IF(Participant_Data!C11="","",Participant_Data!C11) | E11: 4 | F11: 4 | G11: 4 | H11: 3 | I11: 3 | J11: 4 | K11: 4 | M11: =SUM(E11:K11) -> 26
A12: =IF(Participant_Data!A12="","",Participant_Data!A12) -> 11 | B12: =IF(Participant_Data!B12="","",Participant_Data!B12) | C12: =IF(Participant_Data!C12="","",Participant_Data!C12) | E12: 4 | F12: 4 | G12: 4 | H12: 4 | I12: 4 | J12: 4 | K12: 5 | M12: =SUM(E12:K12) -> 29
A13: =IF(Participant_Data!A13="","",Participant_Data!A13) -> 12 | B13: =IF(Participant_Data!B13="","",Participant_Data!B13) | C13: =IF(Participant_Data!C13="","",Participant_Data!C13) | E13: 5 | F13: 4 | G13: 5 | H13: 5 | I13: 5 | J13: 4 | K13: 5 | M13: =SUM(E13:K13) -> 33
A14: =IF(Participant_Data!A14="","",Participant_Data!A14) -> 13 | B14: =IF(Participant_Data!B14="","",Participant_Data!B14) | C14: =IF(Participant_Data!C14="","",Participant_Data!C14) | E14: 4 | F14: 4 | G14: 4 | H14: 4 | I14: 4 | J14: 4 | K14: 4 | M14: =SUM(E14:K14) -> 28
A15: =IF(Participant_Data!A15="","",Participant_Data!A15) -> 14 | B15: =IF(Participant_Data!B15="","",Participant_Data!B15) | C15: =IF(Participant_Data!C15="","",Participant_Data!C15) | E15: 4 | F15: 4 | G15: 4 | H15: 4 | I15: 4 | J15: 4 | K15: 4 | L15: ขอให้มีอีกนะคะได้รับความรู้มากค่ะ ขอบคุณมากค่ะ | M15: =SUM(E15:K15) -> 28
A16: =IF(Participant_Data!A16="","",Participant_Data!A16) -> 15 | B16: =IF(Participant_Data!B16="","",Participant_Data!B16) | C16: =IF(Participant_Data!C16="","",Participant_Data!C16) | E16: 4 | F16: 4 | G16: 4 | H16: 4 | I16: 4 | J16: 4 | K16: 5 | M16: =SUM(E16:K16) -> 29
A17: =IF(Participant_Data!A17="","",Participant_Data!A17) -> 16 | B17: =IF(Participant_Data!B17="","",Participant_Data!B17) | C17: =IF(Participant_Data!C17="","",Participant_Data!C17) | E17: 5 | F17: 4 | G17: 5 | H17: 5 | I17: 5 | J17: 4 | K17: 5 | M17: =SUM(E17:K17) -> 33
A18: =IF(Participant_Data!A18="","",Participant_Data!A18) -> 17 | B18: =IF(Participant_Data!B18="","",Participant_Data!B18) | C18: =IF(Participant_Data!C18="","",Participant_Data!C18) | E18: 5 | F18: 5 | G18: 5 | H18: 5 | I18: 5 | J18: 5 | K18: 5 | M18: =SUM(E18:K18) -> 35
A19: =IF(Participant_Data!A19="","",Participant_Data!A19) -> 18 | B19: =IF(Participant_Data!B19="","",Participant_Data!B19) | C19: =IF(Participant_Data!C19="","",Participant_Data!C19) | E19: 4 | F19: 4 | G19: 3 | H19: 3 | I19: 4 | J19: 5 | K19: 5 | M19: =SUM(E19:K19) -> 28
A20: =IF(Participant_Data!A20="","",Participant_Data!A20) -> 19 | B20: =IF(Participant_Data!B20="","",Participant_Data!B20) | C20: =IF(Participant_Data!C20="","",Participant_Data!C20) | E20: 5 | F20: 4 | G20: 4 | H20: 3 | I20: 3 | J20: 3 | K20: 3 | M20: =SUM(E20:K20) -> 25
A21: =IF(Participant_Data!A21="","",Participant_Data!A21) -> 20 | B21: =IF(Participant_Data!B21="","",Participant_Data!B21) | C21: =IF(Participant_Data!C21="","",Participant_Data!C21) | E21: 5 | F21: 4 | G21: 4 | H21: 4 | I21: 4 | J21: 5 | K21: 5 | M21: =SUM(E21:K21) -> 31
A22: =IF(Participant_Data!A22="","",Participant_Data!A22) -> 21 | B22: =IF(Participant_Data!B22="","",Participant_Data!B22) | C22: =IF(Participant_Data!C22="","",Participant_Data!C22) | E22: 3 | F22: 3 | G22: 3 | H22: 3 | I22: 3 | J22: 3 | K22: 4 | L22: ทำดีอยู่เสมอแล้ว | M22: =SUM(E22:K22) -> 22
A23: =IF(Participant_Data!A23="","",Participant_Data!A23) -> 22 | B23: =IF(Participant_Data!B23="","",Participant_Data!B23) | C23: =IF(Participant_Data!C23="","",Participant_Data!C23) | E23: 4 | F23: 5 | G23: 4 | H23: 4 | I23: 5 | J23: 5 | K23: 5 | M23: =SUM(E23:K23) -> 32
A24: =IF(Participant_Data!A24="","",Participant_Data!A24) -> 23 | B24: =IF(Participant_Data!B24="","",Participant_Data!B24) | C24: =IF(Participant_Data!C24="","",Participant_Data!C24) | E24: 4 | F24: 4 | G24: 4 | H24: 3 | I24: 4 | J24: 4 | K24: 5 | M24: =SUM(E24:K24) -> 28
A25: =IF(Participant_Data!A25="","",Participant_Data!A25) -> 24 | B25: =IF(Participant_Data!B25="","",Participant_Data!B25) | C25: =IF(Participant_Data!C25="","",Participant_Data!C25) | E25: 3 | F25: 3 | G25: 4 | H25: 3 | I25: 3 | J25: 4 | K25: 4 | M25: =SUM(E25:K25) -> 24
A26: =IF(Participant_Data!A26="","",Participant_Data!A26) -> 25 | B26: =IF(Participant_Data!B26="","",Participant_Data!B26) | C26: =IF(Participant_Data!C26="","",Participant_Data!C26) | E26: 4 | F26: 3 | G26: 4 | H26: 5 | I26: 5 | J26: 4 | K26: 5 | M26: =SUM(E26:K26) -> 30
A27: =IF(Participant_Data!A27="","",Participant_Data!A27) -> 26 | B27: =IF(Participant_Data!B27="","",Participant_Data!B27) | C27: =IF(Participant_Data!C27="","",Participant_Data!C27) | E27: 3 | F27: 3 | G27: 4 | H27: 3 | I27: 3 | J27: 3 | K27: 3 | M27: =SUM(E27:K27) -> 22
A28: =IF(Participant_Data!A28="","",Participant_Data!A28) -> 27 | B28: =IF(Participant_Data!B28="","",Participant_Data!B28) | C28: =IF(Participant_Data!C28="","",Participant_Data!C28) | E28: 4 | F28: 4 | G28: 4 | H28: 3 | I28: 4 | J28: 4 | K28: 4 | L28: อยากให้มีโครงการลักษณะนี้บ่อยๆ | M28: =SUM(E28:K28) -> 27
A29: =IF(Participant_Data!A29="","",Participant_Data!A29) -> 28 | B29: =IF(Participant_Data!B29="","",Participant_Data!B29) | C29: =IF(Participant_Data!C29="","",Participant_Data!C29) | E29: 5 | F29: 5 | G29: 5 | H29: 5 | I29: 5 | J29: 5 | K29: 5 | M29: =SUM(E29:K29) -> 35
A30: =IF(Participant_Data!A30="","",Participant_Data!A30) -> 29 | B30: =IF(Participant_Data!B30="","",Participant_Data!B30) | C30: =IF(Participant_Data!C30="","",Participant_Data!C30) | E30: 4 | F30: 4 | G30: 5 | H30: 4 | I30: 4 | J30: 4 | K30: 5 | M30: =SUM(E30:K30) -> 30
A31: =IF(Participant_Data!A31="","",Participant_Data!A31) -> 30 | B31: =IF(Participant_Data!B31="","",Participant_Data!B31) | C31: =IF(Participant_Data!C31="","",Participant_Data!C31) | E31: 4 | F31: 4 | G31: 4 | H31: 4 | I31: 4 | J31: 4 | K31: 4 | L31: พอใจ | M31: =SUM(E31:K31) -> 28
A32: =IF(Participant_Data!A32="","",Participant_Data!A32) -> 31 | B32: =IF(Participant_Data!B32="","",Participant_Data!B32) | C32: =IF(Participant_Data!C32="","",Participant_Data!C32) | E32: 4 | F32: 4 | G32: 5 | H32: 4 | I32: 4 | J32: 5 | K32: 5 | M32: =SUM(E32:K32) -> 31
A33: =IF(Participant_Data!A33="","",Participant_Data!A33) -> 32 | B33: =IF(Participant_Data!B33="","",Participant_Data!B33) | C33: =IF(Participant_Data!C33="","",Participant_Data!C33) | E33: 3 | F33: 3 | G33: 3 | H33: 3 | I33: 3 | J33: 4 | K33: 4 | M33: =SUM(E33:K33) -> 23
A34: =IF(Participant_Data!A34="","",Participant_Data!A34) -> 33 | B34: =IF(Participant_Data!B34="","",Participant_Data!B34) | C34: =IF(Participant_Data!C34="","",Participant_Data!C34) | E34: 4 | F34: 4 | G34: 3 | H34: 4 | I34: 4 | J34: 4 | K34: 4 | L34: ควรเป็นภาพสี ภาพประกอบและคำบรรยายตัวโตกว่าเดิม มีสีสันสดใส | M34: =SUM(E34:K34) -> 27
A35: =IF(Participant_Data!A35="","",Participant_Data!A35) -> 34 | B35: =IF(Participant_Data!B35="","",Participant_Data!B35) | C35: =IF(Participant_Data!C35="","",Participant_Data!C35) | E35: 4 | F35: 4 | G35: 4 | H35: 4 | I35: 4 | J35: 4 | K35: 4 | M35: =SUM(E35:K35) -> 28
A36: =IF(Participant_Data!A36="","",Participant_Data!A36) -> 35 | B36: =IF(Participant_Data!B36="","",Participant_Data!B36) | C36: =IF(Participant_Data!C36="","",Participant_Data!C36) | E36: 4 | F36: 3 | G36: 4 | H36: 3 | I36: 3 | J36: 3 | K36: 3 | M36: =SUM(E36:K36) -> 23
A37: =IF(Participant_Data!A37="","",Participant_Data!A37) -> 36 | B37: =IF(Participant_Data!B37="","",Participant_Data!B37) | C37: =IF(Participant_Data!C37="","",Participant_Data!C37) | E37: 4 | F37: 4 | G37: 4 | H37: 4 | I37: 4 | J37: 4 | K37: 5 | M37: =SUM(E37:K37) -> 29
A38: =IF(Participant_Data!A38="","",Participant_Data!A38) -> 37 | B38: =IF(Participant_Data!B38="","",Participant_Data!B38) | C38: =IF(Participant_Data!C38="","",Participant_Data!C38) | E38: 5 | F38: 5 | G38: 5 | H38: 5 | I38: 5 | J38: 5 | K38: 5 | M38: =SUM(E38:K38) -> 35
A39: =IF(Participant_Data!A39="","",Participant_Data!A39) -> 38 | B39: =IF(Participant_Data!B39="","",Participant_Data!B39) | C39: =IF(Participant_Data!C39="","",Participant_Data!C39) | E39: 5 | F39: 5 | G39: 5 | H39: 5 | I39: 5 | J39: 5 | K39: 5 | M39: =SUM(E39:K39) -> 35
A40: =IF(Participant_Data!A40="","",Participant_Data!A40) -> 39 | B40: =IF(Participant_Data!B40="","",Participant_Data!B40) | C40: =IF(Participant_Data!C40="","",Participant_Data!C40) | E40: 3 | F40: 3 | G40: 2 | H40: 2 | I40: 3 | J40: 3 | K40: 3 | M40: =SUM(E40:K40) -> 19
A41: =IF(Participant_Data!A41="","",Participant_Data!A41) -> 40 | B41: =IF(Participant_Data!B41="","",Participant_Data!B41) | C41: =IF(Participant_Data!C41="","",Participant_Data!C41) | E41: 4 | F41: 3 | G41: 4 | H41: 3 | I41: 4 | J41: 4 | K41: 4 | M41: =SUM(E41:K41) -> 26
A42: =IF(Participant_Data!A42="","",Participant_Data!A42) -> 41 | B42: =IF(Participant_Data!B42="","",Participant_Data!B42) | C42: =IF(Participant_Data!C42="","",Participant_Data!C42) | E42: 4 | F42: 3 | G42: 4 | H42: 3 | I42: 4 | J42: 4 | K42: 4 | M42: =SUM(E42:K42) -> 26
A43: =IF(Participant_Data!A43="","",Participant_Data!A43) -> 42 | B43: =IF(Participant_Data!B43="","",Participant_Data!B43) | C43: =IF(Participant_Data!C43="","",Participant_Data!C43) | E43: 5 | F43: 5 | G43: 4 | H43: 3 | I43: 3 | J43: 5 | K43: 5 | M43: =SUM(E43:K43) -> 30
A44: =IF(Participant_Data!A44="","",Participant_Data!A44) -> 43 | B44: =IF(Participant_Data!B44="","",Participant_Data!B44) | C44: =IF(Participant_Data!C44="","",Participant_Data!C44) | E44: 3 | F44: 3 | G44: 4 | H44: 4 | I44: 4 | J44: 5 | K44: 5 | M44: =SUM(E44:K44) -> 28
A45: =IF(Participant_Data!A45="","",Participant_Data!A45) -> 44 | B45: =IF(Participant_Data!B45="","",Participant_Data!B45) | C45: =IF(Participant_Data!C45="","",Participant_Data!C45) | E45: 5 | F45: 5 | G45: 5 | H45: 5 | I45: 5 | J45: 5 | K45: 5 | M45: =SUM(E45:K45) -> 35
A46: =IF(Participant_Data!A46="","",Participant_Data!A46) -> 45 | B46: =IF(Participant_Data!B46="","",Participant_Data!B46) | C46: =IF(Participant_Data!C46="","",Participant_Data!C46) | E46: 4 | F46: 4 | G46: 3 | H46: 3 | I46: 3 | J46: 4 | K46: 4 | M46: =SUM(E46:K46) -> 25
A47: =IF(Participant_Data!A47="","",Participant_Data!A47) -> 46 | B47: =IF(Participant_Data!B47="","",Participant_Data!B47) | C47: =IF(Participant_Data!C47="","",Participant_Data!C47) | E47: 5 | F47: 5 | G47: 5 | H47: 5 | I47: 5 | J47: 5 | K47: 5 | L47: ขอขอบคุณโครงการวิจัยที่ทำให้รู้สุขภาวะด้านโภชนาการของตนเอง | M47: =SUM(E47:K47) -> 35
A48: =IF(Participant_Data!A48="","",Participant_Data!A48) -> 47 | B48: =IF(Participant_Data!B48="","",Participant_Data!B48) | C48: =IF(Participant_Data!C48="","",Participant_Data!C48) | E48: 4 | F48: 4 | G48: 4 | H48: 4 | I48: 4 | J48: 4 | K48: 4 | M48: =SUM(E48:K48) -> 28
A49: =IF(Participant_Data!A49="","",Participant_Data!A49) -> 48 | B49: =IF(Participant_Data!B49="","",Participant_Data!B49) | C49: =IF(Participant_Data!C49="","",Participant_Data!C49) | E49: 4 | F49: 4 | G49: 4 | H49: 4 | I49: 4 | J49: 4 | K49: 4 | M49: =SUM(E49:K49) -> 28
A50: =IF(Participant_Data!A50="","",Participant_Data!A50) -> 49 | B50: =IF(Participant_Data!B50="","",Participant_Data!B50) | C50: =IF(Participant_Data!C50="","",Participant_Data!C50) | E50: 5 | F50: 5 | G50: 4 | H50: 4 | I50: 5 | J50: 5 | K50: 5 | M50: =SUM(E50:K50) -> 33
A51: =IF(Participant_Data!A51="","",Participant_Data!A51) -> 50 | B51: =IF(Participant_Data!B51="","",Participant_Data!B51) | C51: =IF(Participant_Data!C51="","",Participant_Data!C51) | E51: 5 | F51: 5 | G51: 4 | H51: 4 | I51: 5 | J51: 5 | K51: 5 | M51: =SUM(E51:K51) -> 33
A52: =IF(Participant_Data!A52="","",Participant_Data!A52) -> 51 | B52: =IF(Participant_Data!B52="","",Participant_Data!B52) | C52: =IF(Participant_Data!C52="","",Participant_Data!C52) | E52: 5 | F52: 5 | G52: 5 | H52: 4 | I52: 5 | J52: 5 | K52: 5 | M52: =SUM(E52:K52) -> 34
A53: =IF(Participant_Data!A53="","",Participant_Data!A53) -> 52 | B53: =IF(Participant_Data!B53="","",Participant_Data!B53) | C53: =IF(Participant_Data!C53="","",Participant_Data!C53) | E53: 4 | F53: 4 | G53: 3 | H53: 4 | I53: 4 | J53: 4 | K53: 4 | M53: =SUM(E53:K53) -> 27
A54: =IF(Participant_Data!A54="","",Participant_Data!A54) -> 53 | B54: =IF(Participant_Data!B54="","",Participant_Data!B54) | C54: =IF(Participant_Data!C54="","",Participant_Data!C54) | E54: 3 | F54: 2 | G54: 3 | H54: 2 | I54: 3 | J54: 3 | K54: 3 | M54: =SUM(E54:K54) -> 19
A55: =IF(Participant_Data!A55="","",Participant_Data!A55) -> 54 | B55: =IF(Participant_Data!B55="","",Participant_Data!B55) | C55: =IF(Participant_Data!C55="","",Participant_Data!C55) | E55: 5 | F55: 5 | G55: 5 | H55: 5 | I55: 5 | J55: 5 | K55: 5 | M55: =SUM(E55:K55) -> 35
A56: =IF(Participant_Data!A56="","",Participant_Data!A56) -> 55 | B56: =IF(Participant_Data!B56="","",Participant_Data!B56) | C56: =IF(Participant_Data!C56="","",Participant_Data!C56) | E56: 5 | F56: 5 | G56: 5 | H56: 5 | I56: 5 | J56: 5 | K56: 5 | M56: =SUM(E56:K56) -> 35
A57: =IF(Participant_Data!A57="","",Participant_Data!A57) -> 56 | B57: =IF(Participant_Data!B57="","",Participant_Data!B57) | C57: =IF(Participant_Data!C57="","",Participant_Data!C57) | E57: 5 | F57: 5 | G57: 5 | H57: 5 | I57: 5 | J57: 5 | K57: 5 | M57: =SUM(E57:K57) -> 35
A58: =IF(Participant_Data!A58="","",Participant_Data!A58) -> 57 | B58: =IF(Participant_Data!B58="","",Participant_Data!B58) | C58: =IF(Participant_Data!C58="","",Participant_Data!C58) | E58: 5 | F58: 4 | G58: 5 | H58: 5 | I58: 5 | J58: 5 | K58: 5 | M58: =SUM(E58:K58) -> 34
A59: =IF(Participant_Data!A59="","",Participant_Data!A59) -> 58 | B59: =IF(Participant_Data!B59="","",Participant_Data!B59) | C59: =IF(Participant_Data!C59="","",Participant_Data!C59) | E59: 5 | F59: 5 | G59: 4 | H59: 5 | I59: 5 | J59: 5 | K59: 5 | M59: =SUM(E59:K59) -> 34
... A76: =IF(Participant_Data!A76="","",Participant_Data!A76) -> 75 | B76: =IF(Participant_Data!B76="","",Participant_Data!B76) | C76: =IF(Participant_Data!C76="","",Participant_Data!C76) | E76: 4 | F76: 5 | G76: 5 | H76: 5 | I76: 5 | J76: 5 | K76: 5 | M76: =SUM(E76:K76) -> 34
A77: =IF(Participant_Data!A77="","",Participant_Data!A77) -> 76 | B77: =IF(Participant_Data!B77="","",Participant_Data!B77) | C77: =IF(Participant_Data!C77="","",Participant_Data!C77) | E77: 4 | F77: 5 | G77: 5 | H77: 5 | I77: 5 | J77: 5 | K77: 5 | L77: ให้ความรู้ดี โภชนาการครบถ้วน | M77: =SUM(E77:K77) -> 34
A78: =IF(Participant_Data!A78="","",Participant_Data!A78) -> 77 | B78: =IF(Participant_Data!B78="","",Participant_Data!B78) | C78: =IF(Participant_Data!C78="","",Participant_Data!C78) | E78: 4 | F78: 4 | G78: 5 | H78: 4 | I78: 5 | J78: 5 | K78: 5 | M78: =SUM(E78:K78) -> 32
A79: =IF(Participant_Data!A79="","",Participant_Data!A79) -> 78 | B79: =IF(Participant_Data!B79="","",Participant_Data!B79) | C79: =IF(Participant_Data!C79="","",Participant_Data!C79) | E79: 4 | F79: 4 | G79: 4 | H79: 4 | I79: 5 | J79: 5 | K79: 5 | M79: =SUM(E79:K79) -> 31
A80: =IF(Participant_Data!A80="","",Participant_Data!A80) -> 79 | B80: =IF(Participant_Data!B80="","",Participant_Data!B80) | C80: =IF(Participant_Data!C80="","",Participant_Data!C80) | E80: 4 | F80: 4 | G80: 5 | H80: 4 | I80: 5 | J80: 5 | K80: 5 | M80: =SUM(E80:K80) -> 32
A81: =IF(Participant_Data!A81="","",Participant_Data!A81) -> 80 | B81: =IF(Participant_Data!B81="","",Participant_Data!B81) | C81: =IF(Participant_Data!C81="","",Participant_Data!C81) | E81: 5 | F81: 5 | G81: 5 | H81: 5 | I81: 5 | J81: 5 | K81: 5 | M81: =SUM(E81:K81) -> 35
A82: =IF(Participant_Data!A82="","",Participant_Data!A82) -> 81 | B82: =IF(Participant_Data!B82="","",Participant_Data!B82) | C82: =IF(Participant_Data!C82="","",Participant_Data!C82) | E82: 5 | F82: 5 | G82: 5 | H82: 5 | I82: 5 | J82: 5 | K82: 5 | M82: =SUM(E82:K82) -> 35
A83: =IF(Participant_Data!A83="","",Participant_Data!A83) -> 82 | B83: =IF(Participant_Data!B83="","",Participant_Data!B83) | C83: =IF(Participant_Data!C83="","",Participant_Data!C83) | E83: 4 | F83: 4 | G83: 5 | H83: 4 | I83: 5 | J83: 5 | K83: 5 | M83: =SUM(E83:K83) -> 32
A84: =IF(Participant_Data!A84="","",Participant_Data!A84) -> 83 | B84: =IF(Participant_Data!B84="","",Participant_Data!B84) | C84: =IF(Participant_Data!C84="","",Participant_Data!C84) | E84: 3 | F84: 3 | G84: 3 | H84: 3 | I84: 4 | J84: 5 | K84: 4 | M84: =SUM(E84:K84) -> 25
A85: =IF(Participant_Data!A85="","",Participant_Data!A85) -> 84 | B85: =IF(Participant_Data!B85="","",Participant_Data!B85) | C85: =IF(Participant_Data!C85="","",Participant_Data!C85) | E85: 4 | F85: 5 | G85: 4 | H85: 4 | I85: 5 | J85: 5 | K85: 5 | M85: =SUM(E85:K85) -> 32
A86: =IF(Participant_Data!A86="","",Participant_Data!A86) -> 85 | B86: =IF(Participant_Data!B86="","",Participant_Data!B86) | C86: =IF(Participant_Data!C86="","",Participant_Data!C86) | E86: 4 | F86: 5 | G86: 5 | H86: 5 | I86: 5 | J86: 5 | K86: 5 | M86: =SUM(E86:K86) -> 34
A87: =IF(Participant_Data!A87="","",Participant_Data!A87) -> 86 | B87: =IF(Participant_Data!B87="","",Participant_Data!B87) | C87: =IF(Participant_Data!C87="","",Participant_Data!C87) | E87: 4 | F87: 4 | G87: 5 | H87: 4 | I87: 5 | J87: 5 | K87: 5 | M87: =SUM(E87:K87) -> 32
A88: =IF(Participant_Data!A88="","",Participant_Data!A88) -> 87 | B88: =IF(Participant_Data!B88="","",Participant_Data!B88) | C88: =IF(Participant_Data!C88="","",Participant_Data!C88) | E88: 4 | F88: 4 | G88: 5 | H88: 5 | I88: 5 | J88: 5 | K88: 5 | M88: =SUM(E88:K88) -> 33
A89: =IF(Participant_Data!A89="","",Participant_Data!A89) -> 88 | B89: =IF(Participant_Data!B89="","",Participant_Data!B89) | C89: =IF(Participant_Data!C89="","",Participant_Data!C89) | E89: 4 | F89: 4 | G89: 4 | H89: 5 | I89: 5 | J89: 5 | K89: 5 | M89: =SUM(E89:K89) -> 32
... A201: =IF(Participant_Data!A201="","",Participant_Data!A201) -> 200 | B201: =IF(Participant_Data!B201="","",Participant_Data!B201) | C201: =IF(Participant_Data!C201="","",Participant_Data!C201) | E201: 5 | F201: 5 | G201: 5 | H201: 5 | I201: 5 | J201: 5 | K201: 5 | M201: =SUM(E201:K201) -> 35
A202: =IF(Participant_Data!A202="","",Participant_Data!A202) -> 201 | B202: =IF(Participant_Data!B202="","",Participant_Data!B202) | C202: =IF(Participant_Data!C202="","",Participant_Data!C202) | J202: =IF(COUNTA(E202:I202)=0,"",SUM(E202:I202)) | M202: =SUM(E202:K202) -> 0
A203: =IF(Participant_Data!A203="","",Participant_Data!A203) -> 202 | B203: =IF(Participant_Data!B203="","",Participant_Data!B203) | C203: =IF(Participant_Data!C203="","",Participant_Data!C203) | J203: =IF(COUNTA(E203:I203)=0,"",SUM(E203:I203)) | M203: =SUM(E203:K203) -> 0
A204: =IF(Participant_Data!A204="","",Participant_Data!A204) -> 203 | B204: =IF(Participant_Data!B204="","",Participant_Data!B204) | C204: =IF(Participant_Data!C204="","",Participant_Data!C204) | J204: =IF(COUNTA(E204:I204)=0,"",SUM(E204:I204)) | M204: =SUM(E204:K204) -> 0
A205: =IF(Participant_Data!A205="","",Participant_Data!A205) -> 204 | B205: =IF(Participant_Data!B205="","",Participant_Data!B205) | C205: =IF(Participant_Data!C205="","",Participant_Data!C205) | J205: =IF(COUNTA(E205:I205)=0,"",SUM(E205:I205)) | M205: =SUM(E205:K205) -> 0
A206: =IF(Participant_Data!A206="","",Participant_Data!A206) -> 205 | B206: =IF(Participant_Data!B206="","",Participant_Data!B206) | C206: =IF(Participant_Data!C206="","",Participant_Data!C206) | J206: =IF(COUNTA(E206:I206)=0,"",SUM(E206:I206)) | M206: =SUM(E206:K206) -> 0
A207: =IF(Participant_Data!A207="","",Participant_Data!A207) -> 206 | B207: =IF(Participant_Data!B207="","",Participant_Data!B207) | C207: =IF(Participant_Data!C207="","",Participant_Data!C207) | J207: =IF(COUNTA(E207:I207)=0,"",SUM(E207:I207)) | M207: =SUM(E207:K207) -> 0
A208: =IF(Participant_Data!A208="","",Participant_Data!A208) -> 207 | B208: =IF(Participant_Data!B208="","",Participant_Data!B208) | C208: =IF(Participant_Data!C208="","",Participant_Data!C208) | J208: =IF(COUNTA(E208:I208)=0,"",SUM(E208:I208)) | M208: =SUM(E208:K208) -> 0
A209: =IF(Participant_Data!A209="","",Participant_Data!A209) -> 208 | B209: =IF(Participant_Data!B209="","",Participant_Data!B209) | C209: =IF(Participant_Data!C209="","",Participant_Data!C209) | J209: =IF(COUNTA(E209:I209)=0,"",SUM(E209:I209)) | M209: =SUM(E209:K209) -> 0
A210: =IF(Participant_Data!A210="","",Participant_Data!A210) -> 209 | B210: =IF(Participant_Data!B210="","",Participant_Data!B210) | C210: =IF(Participant_Data!C210="","",Participant_Data!C210) | J210: =IF(COUNTA(E210:I210)=0,"",SUM(E210:I210)) | M210: =SUM(E210:K210) -> 0
A211: =IF(Participant_Data!A211="","",Participant_Data!A211) -> 210 | B211: =IF(Participant_Data!B211="","",Participant_Data!B211) | C211: =IF(Participant_Data!C211="","",Participant_Data!C211) | J211: =IF(COUNTA(E211:I211)=0,"",SUM(E211:I211)) | M211: =SUM(E211:K211) -> 0
A212: =IF(Participant_Data!A212="","",Participant_Data!A212) -> 211 | B212: =IF(Participant_Data!B212="","",Participant_Data!B212) | C212: =IF(Participant_Data!C212="","",Participant_Data!C212) | J212: =IF(COUNTA(E212:I212)=0,"",SUM(E212:I212)) | M212: =SUM(E212:K212) -> 0
A213: =IF(Participant_Data!A213="","",Participant_Data!A213) -> 212 | B213: =IF(Participant_Data!B213="","",Participant_Data!B213) | C213: =IF(Participant_Data!C213="","",Participant_Data!C213) | J213: =IF(COUNTA(E213:I213)=0,"",SUM(E213:I213)) | M213: =SUM(E213:K213) -> 0
... A301: =IF(Participant_Data!A301="","",Participant_Data!A301) -> 300 | B301: =IF(Participant_Data!B301="","",Participant_Data!B301) | C301: =IF(Participant_Data!C301="","",Participant_Data!C301) | J301: =IF(COUNTA(E301:I301)=0,"",SUM(E301:I301)) | M301: =SUM(E301:K301) -> 0

Sheet Data_Dictionary 
A1: sheet | B1: field_name | C1: label_th | D1: source | E1: input_or_derived | F1: used_in_model | G1: rule_or_formula | H1: notes
A2: Participant_Data | B2: record_id | C2: รหัสผู้รับบริการ | D2: System/Staff | E2: Input | F2: No | H2: คีย์หลักของบุคคล
A3: Participant_Data | B3: assessment_id | C3: รหัสครั้งการประเมิน | D3: System | E3: Input | F3: No | H3: ใช้แยกการประเมินซ้ำ
A4: Participant_Data | B4: assessment_date | C4: วันที่ประเมิน | D4: System/Staff | E4: Input | F4: No | H4: เชื่อมทุกชีต
A5: Participant_Data | B5: Role | C5: สถานะ | D5: Older adult/Staff | E5: Input | F5: No | G5: ตัวเลือก: ผู้สูงอายุ / ผู้ดูแลผู้สูงอายุ | H5: ใช้แยกคุณภาพข้อมูลตอนวิเคราะห์
A6: Participant_Data | B6: age | C6: อายุ | D6: Older adult | E6: Input | F6: Indirect | G6: กรอกเองเป็นตัวเลข | H6: กรอกอายุเป็นปีเพียงครั้งเดียว แล้ว backend recode อัตโนมัติเป็น age_group01: 60-69 ปี = 0, ≥70 ปี = 1
A7: Participant_Data | B7: age_group01 | C7: กลุ่มอายุ | D7: System | E7: Derived | F7: Yes | G7: 0=60-69; 1=≥70
A8: Participant_Data | B8: sex | C8: เพศ | D8: Older adult | E8: Input | F8: No | G8: เก็บเป็นรหัส 1=ชาย, 2=หญิง (ตัวเลือกที่แสดง: หญิง / ชาย) | H8: ยืนยันแล้วว่า 1=ชาย, 2=หญิง ใช้ใน pbf_class
A9: Participant_Data | B9: Education | C9: ระดับการศึกษา | D9: Older adult | E9: Input | F9: No | G9: ตัวเลือก: ไม่ได้เรียน / ประถมศึกษา / มัธยมศึกษา / ปวช.-ปวส. / ปริญญาตรี / สูงกว่าปริญญาตรี | H9: เก็บเป็นข้อมูลทั่วไป ไม่เข้าสมการทำนาย
A10: Participant_Data | B10: Marital_status | C10: สถานภาพสมรส | D10: Older adult | E10: Input | F10: No | G10: ตัวเลือก: โสด / สมรส / หม้าย / หย่าร้าง | H10: เก็บเป็นข้อมูลทั่วไป ไม่เข้าสมการทำนาย
A11: Participant_Data | B11: Income | C11: รายได้ต่อเดือน | D11: Older adult | E11: Input | F11: No | G11: ตัวเลือก: น้อยกว่า 10,000 บาท / 10,000-20,000 บาท / 20,001-30,000 บาท / มากกว่า 30,000 บาท | H11: เก็บเป็นข้อมูลทั่วไป ไม่เข้าสมการทำนาย
A12: Participant_Data | B12: Income_oldage | C12: แหล่งรายได้: เบี้ยยังชีพผู้สูงอายุ | D12: Older adult | E12: Input | F12: No | G12: 0=ไม่มี; 1=มี | H12: เก็บเป็นข้อมูลทั่วไป ไม่เข้าสมการทำนาย
A13: Participant_Data | B13: Income_Pension | C13: แหล่งรายได้: บำเหน็จบำนาญ | D13: Older adult | E13: Input | F13: No | G13: 0=ไม่มี; 1=มี | H13: เก็บเป็นข้อมูลทั่วไป ไม่เข้าสมการทำนาย
A14: Participant_Data | B14: Income_spouse | C14: แหล่งรายได้: คู่สมรส | D14: Older adult | E14: Input | F14: No | G14: 0=ไม่มี; 1=มี | H14: เก็บเป็นข้อมูลทั่วไป ไม่เข้าสมการทำนาย
A15: Participant_Data | B15: Income_children | C15: แหล่งรายได้: บุตร | D15: Older adult | E15: Input | F15: No | G15: 0=ไม่มี; 1=มี | H15: เก็บเป็นข้อมูลทั่วไป ไม่เข้าสมการทำนาย
A16: Participant_Data | B16: Income_work | C16: แหล่งรายได้: การทำงาน | D16: Older adult | E16: Input | F16: No | G16: 0=ไม่มี; 1=มี | H16: เก็บเป็นข้อมูลทั่วไป ไม่เข้าสมการทำนาย
A17: Participant_Data | B17: DM | C17: โรคประจำตัว: เบาหวาน | D17: Older adult/Staff | E17: Input | F17: No | G17: 0=ไม่มี; 1=มี | H17: เก็บเป็นข้อมูลทั่วไป ไม่เข้าสมการทำนาย
A18: Participant_Data | B18: HT | C18: โรคประจำตัว: ความดันโลหิตสูง | D18: Older adult/Staff | E18: Input | F18: No | G18: 0=ไม่มี; 1=มี | H18: เก็บเป็นข้อมูลทั่วไป ไม่เข้าสมการทำนาย
A19: Participant_Data | B19: DLP | C19: โรคประจำตัว: ไขมันในเลือดสูง | D19: Older adult/Staff | E19: Input | F19: No | G19: 0=ไม่มี; 1=มี | H19: เก็บเป็นข้อมูลทั่วไป ไม่เข้าสมการทำนาย
... A24: Participant_Data | B24: Living_with | C24: ท่านอาศัยอยู่กับ | D24: Older adult | E24: Input | F24: No | G24: ตัวเลือก: อยู่คนเดียว / อยู่กับคู่สมรส / อยู่กับเพื่อน / อยู่กับครอบครัว (คู่สมรส ญาติพี่น้อง บุตร) | H24: เก็บเป็นข้อมูลทั่วไป ไม่เข้าสมการทำนาย
A25: Participant_Data | B25: scr_bw | C25: คัดกรอง: น้ำหนักเปลี่ยนแปลงใน 3 เดือน | D25: Older adult | E25: Input | F25: No | H25: เก็บเป็นข้อมูลทั่วไป ไม่เข้าสมการทำนาย
A26: Participant_Data | B26: scr_app | C26: คัดกรอง: ความอยากอาหารเปลี่ยนแปลง | D26: Older adult | E26: Input | F26: No | H26: เก็บเป็นข้อมูลทั่วไป ไม่เข้าสมการทำนาย
A27: Participant_Data | B27: scr_act | C27: คัดกรอง: ทำกิจวัตรประจำวันได้หรือไม่ | D27: Older adult | E27: Input | F27: No | H27: เก็บเป็นข้อมูลทั่วไป ไม่เข้าสมการทำนาย
A28: Participant_Data | B28: scr_dx | C28: คัดกรอง: มีโรคประจำตัวหรือไม่ | D28: Older adult | E28: Input | F28: No | H28: เก็บเป็นข้อมูลทั่วไป ไม่เข้าสมการทำนาย
A29: Participant_Data | B29: ass_meal | C29: จำนวนมื้ออาหารหลักต่อวัน | D29: Older adult | E29: Input | F29: No | H29: เก็บเป็นข้อมูลทั่วไป ไม่เข้าสมการทำนาย
A30: Participant_Data | B30: ass_intake | C30: ปริมาณที่กินต่อมื้อเทียบที่เคยกิน | D30: Older adult | E30: Input | F30: No | H30: เก็บเป็นข้อมูลทั่วไป ไม่เข้าสมการทำนาย
A31: Participant_Data | B31: ass_type | C31: ลักษณะอาหารที่กินเป็นประจำ | D31: Older adult | E31: Input | F31: No | H31: เก็บเป็นข้อมูลทั่วไป ไม่เข้าสมการทำนาย
A32: Participant_Data | B32: ass_rice_starch | C32: ข้าว-แป้ง (กำปั้นมือ/วัน) | D32: Older adult | E32: Input | F32: Yes via D2 | H32: ใช้ในสมการทำนาย ตัวแปร D2
A33: Participant_Data | B33: ass_meat_egg | C33: เนื้อสัตว์-ไข่ (ฝ่ามือ/วัน) | D33: Older adult | E33: Input | F33: Yes via D2 | H33: ใช้ในสมการทำนาย ตัวแปร D2
A34: Participant_Data | B34: ass_milk | C34: นม (แก้ว/วัน) | D34: Older adult | E34: Input | F34: Yes via D2 | H34: ใช้ในสมการทำนาย ตัวแปร D2
A35: Participant_Data | B35: ass_fruit | C35: ผลไม้ (กำปั้นมือ/วัน) | D35: Older adult | E35: Input | F35: Yes via D2 | H35: ใช้ในสมการทำนาย ตัวแปร D2
A36: Participant_Data | B36: ass_veget | C36: ผัก (อุ้งมือ/วัน) | D36: Older adult | E36: Input | F36: Yes via D2 | H36: ใช้ในสมการทำนาย ตัวแปร D2
... A40: Participant_Data | B40: ass_oil | C40: น้ำมัน/กะทิ/น้ำสลัดข้น (นิ้วหัวแม่มือ/วัน) | D40: Older adult | E40: Input | F40: Yes via D3 | H40: ใช้ในสมการทำนาย ตัวแปร D3
A41: Participant_Data | B41: D1_total | C41: คะแนนรวม D1 (พฤติกรรมการกินทั่วไป) | D41: System | E41: Derived | F41: No | G41: SUM(ass_meal, ass_intake, ass_type) | H41: เก็บเป็นข้อมูลทั่วไป ไม่เข้าสมการทำนาย
A42: Participant_Data | B42: D2_total | C42: คะแนน D2 | D42: System | E42: Derived | F42: Yes | G42: SUM(ass_rice_starch, ass_meat_egg, ass_milk, ass_fruit, ass_veget, ass_water)
A43: Participant_Data | B43: D3_total | C43: คะแนน D3 | D43: System | E43: Derived | F43: Yes | G43: SUM(ass_sweetdrink, ass_cook, ass_oil)
A44: Participant_Data | B44: wc_input | C44: รอบเอวที่กรอก | D44: Older adult/Staff | E44: Input | F44: Indirect
A45: Participant_Data | B45: wc_unit | C45: หน่วยรอบเอว | D45: Older adult/Staff | E45: Input | F45: Indirect | G45: cm/inch
A46: Participant_Data | B46: wc_cm | C46: รอบเอวหน่วยเซนติเมตร | D46: System | E46: Derived | F46: Yes | G46: inch × 2.54 if needed
A47: Prediction | B47: record_id | C47: รหัสผู้รับบริการ | D47: System | E47: Derived | F47: No | H47: ดึงข้ามชีทเพื่อเชื่อมกับ Participant_Data
A48: Prediction | B48: assessment_id | C48: รหัสครั้งการประเมิน | D48: System | E48: Derived | F48: No
A49: Prediction | B49: assessment_date | C49: วันที่ประเมิน | D49: System | E49: Derived | F49: No
A50: Prediction | B50: age_group01 | C50: กลุ่มอายุ | D50: System | E50: Derived | F50: Yes | H50: ตัวแปรต้นในสมการทำนาย
A51: Prediction | B51: D2_total | C51: คะแนน D2 | D51: System | E51: Derived | F51: Yes | H51: ตัวแปรต้นในสมการทำนาย
A52: Prediction | B52: D3_total | C52: คะแนน D3 | D52: System | E52: Derived | F52: Yes | H52: ตัวแปรต้นในสมการทำนาย
A53: Prediction | B53: wc_cm | C53: รอบเอวหน่วยเซนติเมตร | D53: System | E53: Derived | F53: Yes | H53: ตัวแปรต้นในสมการทำนาย
A54: Prediction | B54: L_Over | C54: Logit: กลุ่ม Over vs Under | D54: System | E54: Derived | F54: Yes | G54: -23.625 + 0.019×D2_total - 0.377×D3_total + 0.349×wc_cm - 2.336×age_group01 | H54: ค่าคงที่จาก Model3_Reduced_UnderRef_v1 (ดู Model_Logic)
A55: Prediction | B55: L_Normal | C55: Logit: กลุ่ม Normal vs Under | D55: System | E55: Derived | F55: Yes | G55: -9.655 + 0.039×D2_total - 0.507×D3_total + 0.189×wc_cm - 2.489×age_group01 | H55: ค่าคงที่จาก Model3_Reduced_UnderRef_v1 (ดู Model_Logic)
A56: Prediction | B56: EXP_over | C56: exp(L_Over) | D56: System | E56: Derived | F56: Yes
A57: Prediction | B57: EXP_normal | C57: exp(L_Normal) | D57: System | E57: Derived | F57: Yes
A58: Prediction | B58: Denom | C58: ตัวหารรวม (Softmax denominator) | D58: System | E58: Derived | F58: Yes
A59: Prediction | B59: P_Under | C59: ความน่าจะเป็นกลุ่ม Under (เสี่ยงขาด/ขาด) | D59: System | E59: Derived | F59: Output | H59: Under เป็น reference category ของโมเดล
A60: Prediction | B60: P_Over | C60: ความน่าจะเป็นกลุ่ม Over (เกิน/เสี่ยงเกิน) | D60: System | E60: Derived | F60: Output
A61: Prediction | B61: Prob_Normal | C61: ความน่าจะเป็นกลุ่ม Normal (ปกติ) | D61: System | E61: Derived | F61: Output
A62: Prediction | B62: predicted_group | C62: ผลคัดกรองเบื้องต้นจาก SANSA (Under/Normal/Over) | D62: System | E62: Derived | F62: Output | H62: เทียบผลกับ BIA_MNA_Staff!nutri_ref_class เพื่อประเมินความแม่นยำของเครื่องมือ
A63: BIA_MNA_Staff | B63: record_id | C63: รหัสผู้รับบริการ | D63: System/Staff | E63: Input | F63: No
A64: BIA_MNA_Staff | B64: assessment_id | C64: รหัสครั้งการประเมิน | D64: System | E64: Input | F64: No
A65: BIA_MNA_Staff | B65: assessment_date | C65: วันที่ประเมิน | D65: System/Staff | E65: Input | F65: No
A66: BIA_MNA_Staff | B66: staff_id | C66: รหัสเจ้าหน้าที่ผู้วัด/ประเมิน | D66: Staff | E66: Input | F66: No
A67: BIA_MNA_Staff | B67: height_cm | C67: ส่วนสูง (ซม.) | D67: Staff | E67: Input | F67: Indirect | H67: ใช้คำนวณ bmi
A68: BIA_MNA_Staff | B68: weight_kg | C68: น้ำหนัก (กก.) | D68: Staff | E68: Input | F68: Indirect | H68: ใช้คำนวณ bmi
A69: BIA_MNA_Staff | B69: bmi | C69: ดัชนีมวลกาย (BMI, กก./ตร.ม.) | D69: Staff (เครื่อง BIA) | E69: Input | F69: Yes | G69: น้ำหนัก(กก.) / ส่วนสูง(ม.)² | H69: ใช้ใน bmi_class_glim
A70: BIA_MNA_Staff | B70: fat_mass_kg | C70: มวลไขมัน (กก.) | D70: Staff (เครื่อง BIA) | E70: Input | F70: No
A71: BIA_MNA_Staff | B71: pbf | C71: ร้อยละไขมันในร่างกาย (%Body Fat) | D71: Staff (เครื่อง BIA) | E71: Input | F71: Yes | H71: ใช้ใน pbf_class
A72: BIA_MNA_Staff | B72: vfat_level | C72: ระดับไขมันช่องท้อง (Visceral fat level) | D72: Staff (เครื่อง BIA) | E72: Input | F72: No
A73: BIA_MNA_Staff | B73: muscle_mass_kg | C73: มวลกล้ามเนื้อ (กก.) | D73: Staff (เครื่อง BIA) | E73: Input | F73: No
A74: BIA_MNA_Staff | B74: bone_mass_kg | C74: มวลกระดูก (กก.) | D74: Staff (เครื่อง BIA) | E74: Input | F74: No
A75: BIA_MNA_Staff | B75: tbw | C75: ปริมาณน้ำในร่างกาย (Total Body Water) | D75: Staff (เครื่อง BIA) | E75: Input | F75: No
A76: BIA_MNA_Staff | B76: bmr_kcal | C76: อัตราการเผาผลาญพื้นฐาน (BMR, kcal) | D76: Staff (เครื่อง BIA) | E76: Input | F76: No
A77: BIA_MNA_Staff | B77: mna_s1 | C77: MNA-SF ข้อ 1 | D77: Staff | E77: Input | F77: No
A78: BIA_MNA_Staff | B78: mna_s2 | C78: MNA-SF ข้อ 2 | D78: Staff | E78: Input | F78: No
A79: BIA_MNA_Staff | B79: mna_s3 | C79: MNA-SF ข้อ 3 | D79: Staff | E79: Input | F79: No
A80: BIA_MNA_Staff | B80: mna_s4 | C80: MNA-SF ข้อ 4 | D80: Staff | E80: Input | F80: No
A81: BIA_MNA_Staff | B81: mna_s5 | C81: MNA-SF ข้อ 5 | D81: Staff | E81: Input | F81: No
A82: BIA_MNA_Staff | B82: mna_s6 | C82: MNA-SF ข้อ 6 | D82: Staff | E82: Input | F82: No
A83: BIA_MNA_Staff | B83: mna_screen_total | C83: คะแนนรวม MNA-SF (เต็ม 14) | D83: System | E83: Derived | F83: No | G83: SUM(mna_s1:mna_s6)
A84: BIA_MNA_Staff | B84: mna_screen_cat | C84: ผลจำแนก MNA-SF | D84: System | E84: Derived | F84: No | H84: 12-14=ปกติ, 8-11=เสี่ยงขาดสารอาหาร, 0-7=ขาดสารอาหาร
A85: BIA_MNA_Staff | B85: mna_a1 | C85: MNA แบบประเมินเต็ม (Full Assessment) ข้อ 1 | D85: Staff | E85: Input | F85: No | H85: ส่วนหนึ่งของ MNA Full Assessment 12 ข้อ — โปรดยืนยันข้อความจริงจากแบบประเมิน
A86: BIA_MNA_Staff | B86: mna_a2 | C86: MNA แบบประเมินเต็ม ข้อ 2 | D86: Staff | E86: Input | F86: No
A87: BIA_MNA_Staff | B87: mna_a3 | C87: MNA แบบประเมินเต็ม ข้อ 3 | D87: Staff | E87: Input | F87: No
A88: BIA_MNA_Staff | B88: mna_a4 | C88: MNA แบบประเมินเต็ม ข้อ 4 | D88: Staff | E88: Input | F88: No
A89: BIA_MNA_Staff | B89: mna_a5 | C89: MNA แบบประเมินเต็ม ข้อ 5 | D89: Staff | E89: Input | F89: No
A90: BIA_MNA_Staff | B90: mna_a6 | C90: MNA แบบประเมินเต็ม ข้อ 6 | D90: Staff | E90: Input | F90: No
A91: BIA_MNA_Staff | B91: mna_a7 | C91: MNA แบบประเมินเต็ม ข้อ 7 | D91: Staff | E91: Input | F91: No
A92: BIA_MNA_Staff | B92: mna_a8 | C92: MNA แบบประเมินเต็ม ข้อ 8 | D92: Staff | E92: Input | F92: No
A93: BIA_MNA_Staff | B93: mna_a9 | C93: MNA แบบประเมินเต็ม ข้อ 9 | D93: Staff | E93: Input | F93: No
A94: BIA_MNA_Staff | B94: mna_a10 | C94: MNA แบบประเมินเต็ม ข้อ 10 | D94: Staff | E94: Input | F94: No
A95: BIA_MNA_Staff | B95: mna_a11 | C95: MNA แบบประเมินเต็ม ข้อ 11 | D95: Staff | E95: Input | F95: No
A96: BIA_MNA_Staff | B96: mna_a12 | C96: MNA แบบประเมินเต็ม ข้อ 12 | D96: Staff | E96: Input | F96: No
A97: BIA_MNA_Staff | B97: mna_ass_total | C97: คะแนนรวมส่วนประเมินเต็ม MNA (เต็ม 16) | D97: System | E97: Derived | F97: No | G97: SUM(mna_a1:mna_a12)
A98: BIA_MNA_Staff | B98: mna_total | C98: คะแนนรวม MNA ทั้งฉบับ (เต็ม 30) | D98: System | E98: Derived | F98: No | G98: mna_screen_total + mna_ass_total
A99: BIA_MNA_Staff | B99: mna_total_cat | C99: ผลจำแนก MNA ฉบับเต็ม | D99: System | E99: Derived | F99: No | H99: ≥24=ปกติ, 17-23.5=เสี่ยงขาดสารอาหาร, <17=ขาดสารอาหาร
A100: BIA_MNA_Staff | B100: MAC | C100: เส้นรอบวงต้นแขน (Mid-Arm Circumference, ซม.) | D100: Staff | E100: Input | F100: No | H100: ไม่ย้อนกลับเข้า Model
A101: BIA_MNA_Staff | B101: CC | C101: เส้นรอบวงน่อง (Calf Circumference, ซม.) | D101: Staff | E101: Input | F101: No | H101: ไม่ย้อนกลับเข้า Model
A102: BIA_MNA_Staff | B102: bmi_class_glim | C102: ผลจำแนกตาม BMI (GLIM Criteria Asia + อายุ) | D102: System | E102: Derived | F102: No | G102: อายุ<70: <18.5 ขาด/เสี่ยงขาด, ≥25 เสี่ยงเกิน/เกิน | อายุ≥70: <20 ขาด/เสี่ยงขาด, ≥25 เสี่ยงเกิน/เกิน (ปัดเป็นทศนิยม 1 ตำแหน่งก่อนตัดเกณฑ์) | H102: ใช้ประกอบ nutri_ref_class
A103: BIA_MNA_Staff | B103: pbf_class | C103: ผลจำแนกตาม %Body Fat + เพศ | D103: System | E103: Derived | F103: No | G103: ชาย: <15 ขาด/เสี่ยงขาด, >25 เสี่ยงเกิน/เกิน | หญิง: <20 ขาด/เสี่ยงขาด, >35 เสี่ยงเกิน/เกิน (ปัดเป็นทศนิยม 1 ตำแหน่งก่อนตัดเกณฑ์) | H103: ใช้ประกอบ nutri_ref_class
A104: BIA_MNA_Staff | B104: nutri_ref_class | C104: ผลจำแนกภาวะโภชนาการอ้างอิง (GLIM BMI + %Body Fat) | D104: System | E104: Derived | F104: No | G104: ขาด/เสี่ยงขาด ถ้า bmi_class_glim หรือ pbf_class เข้าเกณฑ์ขาด; มิฉะนั้นเสี่ยงเกิน/เกิน ถ้าข้อใดข้อหนึ่งเข้าเกณฑ์เกิน; มิฉะนั้นปกติ | H104: reference standard ที่ใช้เทียบกับ Prediction!predicted_group เพื่อตรวจสอบความแม่นยำของ SANSA
A105: Satisfaction | B105: record_id | C105: รหัสผู้รับบริการ | D105: System/Staff | E105: Input | F105: No
A106: Satisfaction | B106: assessment_id | C106: รหัสครั้งการประเมิน | D106: System | E106: Input | F106: No
A107: Satisfaction | B107: assessment_date | C107: วันที่ประเมิน | D107: System/Staff | E107: Input | F107: No
...

Sheet Model_Logic
A1: Item | B1: Specification
A2: Reference outcome | B2: Under
A3: Model inputs | B3: D2, D3, wc_cm, AgeGroup01
A4: AgeGroup01 | B4: 0 = 60–69 years; 1 = ≥70 years
A5: L_Over | B5: -23.625 + 0.019*D2 - 0.377*D3 + 0.349*wc_cm - 2.336*AgeGroup01
A6: L_Normal | B6: -9.655 + 0.039*D2 - 0.507*D3 + 0.189*wc_cm - 2.489*AgeGroup01
A7: Denominator | B7: 1 + EXP(L_Over) + EXP(L_Normal)
A8: P(Under) | B8: 1 / Denominator
A9: P(Over) | B9: EXP(L_Over) / Denominator
A10: P(Normal) | B10: EXP(L_Normal) / Denominator
A11: Decision rule | B11: Predicted group = category with highest probability
A12: Important | B12: Screening 4 items, Q1–Q3, BIA, MNA, satisfaction are stored but not included in Model 3
